ISO-10303-21;
HEADER;
/* Generated by software containing ST-Developer
 * from STEP Tools, Inc. (www.steptools.com) 
 */
/* OPTION: using custom renumber hook */

FILE_DESCRIPTION(
/* description */ ('STEP AP242 Edition 2',
'CAx-IF Rec.Pracs.---Representation and Presentation of Product Manufa
cturing Information (PMI)---4.0---2014-10-13',
'CAx-IF Rec.Pracs.---3D Tessellated Geometry---0.4---2014-09-14','2;1',
'CAx-IF Rec.Pracs.---User Defined Attributes---1.5---2016-08-15'),
/* implementation_level */ '2;1');

FILE_NAME(
/* name */ 'Center Scissor Arm Axle - Part 1',
/* time_stamp */ '2026-07-25T07:16:50Z',
/* author */ (''),
/* organization */ (''),
/* preprocessor_version */ 'ST-DEVELOPER v20',
/* originating_system */ 'ONSHAPE BY PTC INC, 1.218',
/* authorisation */ '  ');

FILE_SCHEMA (('AP242_MANAGED_MODEL_BASED_3D_ENGINEERING_MIM_LF { 1 0 10303 442 3 1 4 }'));
ENDSEC;

DATA;
#10=SHAPE_REPRESENTATION_RELATIONSHIP('','',#2506,#11);
#11=ADVANCED_BREP_SHAPE_REPRESENTATION('',(#2504),#4273);
#12=B_SPLINE_CURVE_WITH_KNOTS('',3,(#3910,#3911,#3912,#3913,#3914,#3915,
#3916,#3917,#3918,#3919,#3920),.UNSPECIFIED.,.T.,.F.,(1,1,1,1,1,1,1,1,1,
1,1,1,1,1,1),(-0.00379062437489317,-0.00252708291659545,-0.00126354145829772,
1.24495080052292E-19,0.00126354145829773,0.00252708291659545,0.00379062437489317,
0.0050541658331909,0.00631770729148863,0.00758124874978635,0.00884479020808408,
0.0101083316663818,0.0113718731246795,0.0126354145829773,0.013898956041275),
 .UNSPECIFIED.);
#13=B_SPLINE_CURVE_WITH_KNOTS('',3,(#3922,#3923,#3924,#3925,#3926,#3927,
#3928,#3929,#3930,#3931,#3932),.UNSPECIFIED.,.T.,.F.,(1,1,1,1,1,1,1,1,1,
1,1,1,1,1,1),(-0.00379062437489316,-0.00252708291659544,-0.00126354145829772,
1.19614663078564E-19,0.00126354145829772,0.00252708291659544,0.00379062437489316,
0.00505416583319088,0.0063177072914886,0.00758124874978632,0.00884479020808404,
0.0101083316663818,0.0113718731246795,0.0126354145829772,0.0138989560412749),
 .UNSPECIFIED.);
#14=CYLINDRICAL_SURFACE('',#2570,0.00500000000000011);
#15=CYLINDRICAL_SURFACE('',#2604,0.00400000000000006);
#16=CYLINDRICAL_SURFACE('',#2607,0.0016);
#17=CYLINDRICAL_SURFACE('',#2610,0.0041000000000042);
#18=CYLINDRICAL_SURFACE('',#2615,0.00409999999999831);
#19=CYLINDRICAL_SURFACE('',#2620,0.00410000000000919);
#20=CYLINDRICAL_SURFACE('',#2625,0.00410000000001075);
#21=CYLINDRICAL_SURFACE('',#2630,0.00410000000001254);
#22=CYLINDRICAL_SURFACE('',#2635,0.00410000000000426);
#23=CYLINDRICAL_SURFACE('',#2640,0.00410000000000563);
#24=CYLINDRICAL_SURFACE('',#2645,0.0041000000000042);
#25=CYLINDRICAL_SURFACE('',#2649,0.00410000000002219);
#26=CYLINDRICAL_SURFACE('',#2653,0.002);
#27=CYLINDRICAL_SURFACE('',#2658,0.0041000000000083);
#28=CYLINDRICAL_SURFACE('',#2663,0.00410000000001254);
#29=CYLINDRICAL_SURFACE('',#2668,0.00410000000000521);
#30=CYLINDRICAL_SURFACE('',#2673,0.00410000000001073);
#31=CYLINDRICAL_SURFACE('',#2678,0.00410000000000918);
#32=CYLINDRICAL_SURFACE('',#2683,0.00409999999999831);
#33=CYLINDRICAL_SURFACE('',#2688,0.00410000000000917);
#34=CYLINDRICAL_SURFACE('',#2693,0.00410000000001073);
#35=CYLINDRICAL_SURFACE('',#2698,0.00410000000001036);
#36=CYLINDRICAL_SURFACE('',#2703,0.00410000000000793);
#37=CYLINDRICAL_SURFACE('',#2708,0.00410000000000824);
#38=CYLINDRICAL_SURFACE('',#2713,0.00410000000000431);
#39=CYLINDRICAL_SURFACE('',#2718,0.00410000000002219);
#40=CYLINDRICAL_SURFACE('',#2723,0.00410000000002218);
#41=CYLINDRICAL_SURFACE('',#2728,0.00410000000002219);
#42=CYLINDRICAL_SURFACE('',#2733,0.0041000000000042);
#43=CYLINDRICAL_SURFACE('',#2738,0.00410000000000968);
#44=CYLINDRICAL_SURFACE('',#2743,0.00410000000001256);
#45=CYLINDRICAL_SURFACE('',#2748,0.0041000000000054);
#46=CYLINDRICAL_SURFACE('',#2753,0.00410000000000706);
#47=CYLINDRICAL_SURFACE('',#2758,0.00410000000000917);
#48=LINE('',#3516,#288);
#49=LINE('',#3520,#289);
#50=LINE('',#3524,#290);
#51=LINE('',#3528,#291);
#52=LINE('',#3532,#292);
#53=LINE('',#3536,#293);
#54=LINE('',#3540,#294);
#55=LINE('',#3544,#295);
#56=LINE('',#3548,#296);
#57=LINE('',#3552,#297);
#58=LINE('',#3556,#298);
#59=LINE('',#3560,#299);
#60=LINE('',#3564,#300);
#61=LINE('',#3568,#301);
#62=LINE('',#3572,#302);
#63=LINE('',#3576,#303);
#64=LINE('',#3580,#304);
#65=LINE('',#3584,#305);
#66=LINE('',#3588,#306);
#67=LINE('',#3592,#307);
#68=LINE('',#3596,#308);
#69=LINE('',#3600,#309);
#70=LINE('',#3604,#310);
#71=LINE('',#3608,#311);
#72=LINE('',#3612,#312);
#73=LINE('',#3616,#313);
#74=LINE('',#3620,#314);
#75=LINE('',#3624,#315);
#76=LINE('',#3628,#316);
#77=LINE('',#3632,#317);
#78=LINE('',#3636,#318);
#79=LINE('',#3640,#319);
#80=LINE('',#3644,#320);
#81=LINE('',#3648,#321);
#82=LINE('',#3652,#322);
#83=LINE('',#3656,#323);
#84=LINE('',#3660,#324);
#85=LINE('',#3664,#325);
#86=LINE('',#3668,#326);
#87=LINE('',#3672,#327);
#88=LINE('',#3676,#328);
#89=LINE('',#3680,#329);
#90=LINE('',#3684,#330);
#91=LINE('',#3688,#331);
#92=LINE('',#3692,#332);
#93=LINE('',#3696,#333);
#94=LINE('',#3700,#334);
#95=LINE('',#3704,#335);
#96=LINE('',#3708,#336);
#97=LINE('',#3712,#337);
#98=LINE('',#3716,#338);
#99=LINE('',#3720,#339);
#100=LINE('',#3724,#340);
#101=LINE('',#3728,#341);
#102=LINE('',#3732,#342);
#103=LINE('',#3736,#343);
#104=LINE('',#3740,#344);
#105=LINE('',#3744,#345);
#106=LINE('',#3748,#346);
#107=LINE('',#3752,#347);
#108=LINE('',#3757,#348);
#109=LINE('',#3758,#349);
#110=LINE('',#3762,#350);
#111=LINE('',#3763,#351);
#112=LINE('',#3767,#352);
#113=LINE('',#3768,#353);
#114=LINE('',#3772,#354);
#115=LINE('',#3773,#355);
#116=LINE('',#3777,#356);
#117=LINE('',#3778,#357);
#118=LINE('',#3782,#358);
#119=LINE('',#3783,#359);
#120=LINE('',#3787,#360);
#121=LINE('',#3788,#361);
#122=LINE('',#3792,#362);
#123=LINE('',#3793,#363);
#124=LINE('',#3797,#364);
#125=LINE('',#3798,#365);
#126=LINE('',#3802,#366);
#127=LINE('',#3803,#367);
#128=LINE('',#3807,#368);
#129=LINE('',#3808,#369);
#130=LINE('',#3812,#370);
#131=LINE('',#3813,#371);
#132=LINE('',#3817,#372);
#133=LINE('',#3818,#373);
#134=LINE('',#3822,#374);
#135=LINE('',#3823,#375);
#136=LINE('',#3827,#376);
#137=LINE('',#3828,#377);
#138=LINE('',#3832,#378);
#139=LINE('',#3833,#379);
#140=LINE('',#3837,#380);
#141=LINE('',#3838,#381);
#142=LINE('',#3842,#382);
#143=LINE('',#3843,#383);
#144=LINE('',#3847,#384);
#145=LINE('',#3848,#385);
#146=LINE('',#3852,#386);
#147=LINE('',#3853,#387);
#148=LINE('',#3857,#388);
#149=LINE('',#3858,#389);
#150=LINE('',#3862,#390);
#151=LINE('',#3863,#391);
#152=LINE('',#3867,#392);
#153=LINE('',#3868,#393);
#154=LINE('',#3872,#394);
#155=LINE('',#3873,#395);
#156=LINE('',#3877,#396);
#157=LINE('',#3878,#397);
#158=LINE('',#3882,#398);
#159=LINE('',#3883,#399);
#160=LINE('',#3887,#400);
#161=LINE('',#3888,#401);
#162=LINE('',#3892,#402);
#163=LINE('',#3893,#403);
#164=LINE('',#3897,#404);
#165=LINE('',#3898,#405);
#166=LINE('',#3902,#406);
#167=LINE('',#3903,#407);
#168=LINE('',#3939,#408);
#169=LINE('',#3941,#409);
#170=LINE('',#3943,#410);
#171=LINE('',#3945,#411);
#172=LINE('',#3950,#412);
#173=LINE('',#3952,#413);
#174=LINE('',#3954,#414);
#175=LINE('',#3956,#415);
#176=LINE('',#3961,#416);
#177=LINE('',#3963,#417);
#178=LINE('',#3965,#418);
#179=LINE('',#3967,#419);
#180=LINE('',#3972,#420);
#181=LINE('',#3974,#421);
#182=LINE('',#3976,#422);
#183=LINE('',#3978,#423);
#184=LINE('',#3983,#424);
#185=LINE('',#3985,#425);
#186=LINE('',#3987,#426);
#187=LINE('',#3989,#427);
#188=LINE('',#3994,#428);
#189=LINE('',#3996,#429);
#190=LINE('',#3998,#430);
#191=LINE('',#4000,#431);
#192=LINE('',#4005,#432);
#193=LINE('',#4007,#433);
#194=LINE('',#4009,#434);
#195=LINE('',#4011,#435);
#196=LINE('',#4016,#436);
#197=LINE('',#4018,#437);
#198=LINE('',#4020,#438);
#199=LINE('',#4022,#439);
#200=LINE('',#4027,#440);
#201=LINE('',#4029,#441);
#202=LINE('',#4033,#442);
#203=LINE('',#4035,#443);
#204=LINE('',#4042,#444);
#205=LINE('',#4044,#445);
#206=LINE('',#4046,#446);
#207=LINE('',#4048,#447);
#208=LINE('',#4053,#448);
#209=LINE('',#4055,#449);
#210=LINE('',#4057,#450);
#211=LINE('',#4059,#451);
#212=LINE('',#4064,#452);
#213=LINE('',#4066,#453);
#214=LINE('',#4068,#454);
#215=LINE('',#4070,#455);
#216=LINE('',#4075,#456);
#217=LINE('',#4077,#457);
#218=LINE('',#4079,#458);
#219=LINE('',#4081,#459);
#220=LINE('',#4086,#460);
#221=LINE('',#4088,#461);
#222=LINE('',#4090,#462);
#223=LINE('',#4092,#463);
#224=LINE('',#4097,#464);
#225=LINE('',#4099,#465);
#226=LINE('',#4101,#466);
#227=LINE('',#4103,#467);
#228=LINE('',#4108,#468);
#229=LINE('',#4110,#469);
#230=LINE('',#4112,#470);
#231=LINE('',#4114,#471);
#232=LINE('',#4119,#472);
#233=LINE('',#4121,#473);
#234=LINE('',#4123,#474);
#235=LINE('',#4125,#475);
#236=LINE('',#4130,#476);
#237=LINE('',#4132,#477);
#238=LINE('',#4134,#478);
#239=LINE('',#4136,#479);
#240=LINE('',#4141,#480);
#241=LINE('',#4143,#481);
#242=LINE('',#4145,#482);
#243=LINE('',#4147,#483);
#244=LINE('',#4152,#484);
#245=LINE('',#4154,#485);
#246=LINE('',#4156,#486);
#247=LINE('',#4158,#487);
#248=LINE('',#4163,#488);
#249=LINE('',#4165,#489);
#250=LINE('',#4167,#490);
#251=LINE('',#4169,#491);
#252=LINE('',#4174,#492);
#253=LINE('',#4176,#493);
#254=LINE('',#4178,#494);
#255=LINE('',#4180,#495);
#256=LINE('',#4185,#496);
#257=LINE('',#4187,#497);
#258=LINE('',#4189,#498);
#259=LINE('',#4191,#499);
#260=LINE('',#4196,#500);
#261=LINE('',#4198,#501);
#262=LINE('',#4200,#502);
#263=LINE('',#4202,#503);
#264=LINE('',#4207,#504);
#265=LINE('',#4209,#505);
#266=LINE('',#4211,#506);
#267=LINE('',#4213,#507);
#268=LINE('',#4218,#508);
#269=LINE('',#4220,#509);
#270=LINE('',#4222,#510);
#271=LINE('',#4224,#511);
#272=LINE('',#4229,#512);
#273=LINE('',#4231,#513);
#274=LINE('',#4233,#514);
#275=LINE('',#4235,#515);
#276=LINE('',#4240,#516);
#277=LINE('',#4242,#517);
#278=LINE('',#4244,#518);
#279=LINE('',#4246,#519);
#280=LINE('',#4251,#520);
#281=LINE('',#4253,#521);
#282=LINE('',#4255,#522);
#283=LINE('',#4257,#523);
#284=LINE('',#4262,#524);
#285=LINE('',#4264,#525);
#286=LINE('',#4266,#526);
#287=LINE('',#4268,#527);
#288=VECTOR('',#2769,1.);
#289=VECTOR('',#2772,1.);
#290=VECTOR('',#2775,1.);
#291=VECTOR('',#2778,1.);
#292=VECTOR('',#2781,1.);
#293=VECTOR('',#2784,1.);
#294=VECTOR('',#2787,1.);
#295=VECTOR('',#2790,1.);
#296=VECTOR('',#2793,1.);
#297=VECTOR('',#2796,1.);
#298=VECTOR('',#2799,1.);
#299=VECTOR('',#2802,1.);
#300=VECTOR('',#2805,1.);
#301=VECTOR('',#2808,1.);
#302=VECTOR('',#2811,1.);
#303=VECTOR('',#2814,1.);
#304=VECTOR('',#2817,1.);
#305=VECTOR('',#2820,1.);
#306=VECTOR('',#2823,1.);
#307=VECTOR('',#2826,1.);
#308=VECTOR('',#2829,1.);
#309=VECTOR('',#2832,1.);
#310=VECTOR('',#2835,1.);
#311=VECTOR('',#2838,1.);
#312=VECTOR('',#2841,1.);
#313=VECTOR('',#2844,1.);
#314=VECTOR('',#2847,1.);
#315=VECTOR('',#2850,1.);
#316=VECTOR('',#2853,1.);
#317=VECTOR('',#2856,1.);
#318=VECTOR('',#2859,1.);
#319=VECTOR('',#2862,1.);
#320=VECTOR('',#2865,1.);
#321=VECTOR('',#2868,1.);
#322=VECTOR('',#2871,1.);
#323=VECTOR('',#2874,1.);
#324=VECTOR('',#2877,1.);
#325=VECTOR('',#2880,1.);
#326=VECTOR('',#2883,1.);
#327=VECTOR('',#2886,1.);
#328=VECTOR('',#2889,1.);
#329=VECTOR('',#2892,1.);
#330=VECTOR('',#2895,1.);
#331=VECTOR('',#2898,1.);
#332=VECTOR('',#2901,1.);
#333=VECTOR('',#2904,1.);
#334=VECTOR('',#2907,1.);
#335=VECTOR('',#2910,1.);
#336=VECTOR('',#2913,1.);
#337=VECTOR('',#2916,1.);
#338=VECTOR('',#2919,1.);
#339=VECTOR('',#2922,1.);
#340=VECTOR('',#2925,1.);
#341=VECTOR('',#2928,1.);
#342=VECTOR('',#2931,1.);
#343=VECTOR('',#2934,1.);
#344=VECTOR('',#2937,1.);
#345=VECTOR('',#2940,1.);
#346=VECTOR('',#2943,1.);
#347=VECTOR('',#2946,1.);
#348=VECTOR('',#2951,1.);
#349=VECTOR('',#2952,1.);
#350=VECTOR('',#2955,1.);
#351=VECTOR('',#2956,1.);
#352=VECTOR('',#2959,1.);
#353=VECTOR('',#2960,1.);
#354=VECTOR('',#2963,1.);
#355=VECTOR('',#2964,1.);
#356=VECTOR('',#2967,1.);
#357=VECTOR('',#2968,1.);
#358=VECTOR('',#2971,1.);
#359=VECTOR('',#2972,1.);
#360=VECTOR('',#2975,1.);
#361=VECTOR('',#2976,1.);
#362=VECTOR('',#2979,1.);
#363=VECTOR('',#2980,1.);
#364=VECTOR('',#2983,1.);
#365=VECTOR('',#2984,1.);
#366=VECTOR('',#2987,1.);
#367=VECTOR('',#2988,1.);
#368=VECTOR('',#2991,1.);
#369=VECTOR('',#2992,1.);
#370=VECTOR('',#2995,1.);
#371=VECTOR('',#2996,1.);
#372=VECTOR('',#2999,1.);
#373=VECTOR('',#3000,1.);
#374=VECTOR('',#3003,1.);
#375=VECTOR('',#3004,1.);
#376=VECTOR('',#3007,1.);
#377=VECTOR('',#3008,1.);
#378=VECTOR('',#3011,1.);
#379=VECTOR('',#3012,1.);
#380=VECTOR('',#3015,1.);
#381=VECTOR('',#3016,1.);
#382=VECTOR('',#3019,1.);
#383=VECTOR('',#3020,1.);
#384=VECTOR('',#3023,1.);
#385=VECTOR('',#3024,1.);
#386=VECTOR('',#3027,1.);
#387=VECTOR('',#3028,1.);
#388=VECTOR('',#3031,1.);
#389=VECTOR('',#3032,1.);
#390=VECTOR('',#3035,1.);
#391=VECTOR('',#3036,1.);
#392=VECTOR('',#3039,1.);
#393=VECTOR('',#3040,1.);
#394=VECTOR('',#3043,1.);
#395=VECTOR('',#3044,1.);
#396=VECTOR('',#3047,1.);
#397=VECTOR('',#3048,1.);
#398=VECTOR('',#3051,1.);
#399=VECTOR('',#3052,1.);
#400=VECTOR('',#3055,1.);
#401=VECTOR('',#3056,1.);
#402=VECTOR('',#3059,1.);
#403=VECTOR('',#3060,1.);
#404=VECTOR('',#3063,1.);
#405=VECTOR('',#3064,1.);
#406=VECTOR('',#3067,1.);
#407=VECTOR('',#3068,1.);
#408=VECTOR('',#3085,1.);
#409=VECTOR('',#3086,1.);
#410=VECTOR('',#3089,1.);
#411=VECTOR('',#3090,1.);
#412=VECTOR('',#3099,1.);
#413=VECTOR('',#3100,1.);
#414=VECTOR('',#3103,1.);
#415=VECTOR('',#3104,1.);
#416=VECTOR('',#3113,1.);
#417=VECTOR('',#3114,1.);
#418=VECTOR('',#3117,1.);
#419=VECTOR('',#3118,1.);
#420=VECTOR('',#3127,1.);
#421=VECTOR('',#3128,1.);
#422=VECTOR('',#3131,1.);
#423=VECTOR('',#3132,1.);
#424=VECTOR('',#3141,1.);
#425=VECTOR('',#3142,1.);
#426=VECTOR('',#3145,1.);
#427=VECTOR('',#3146,1.);
#428=VECTOR('',#3155,1.);
#429=VECTOR('',#3156,1.);
#430=VECTOR('',#3159,1.);
#431=VECTOR('',#3160,1.);
#432=VECTOR('',#3169,1.);
#433=VECTOR('',#3170,1.);
#434=VECTOR('',#3173,1.);
#435=VECTOR('',#3174,1.);
#436=VECTOR('',#3183,1.);
#437=VECTOR('',#3184,1.);
#438=VECTOR('',#3187,1.);
#439=VECTOR('',#3188,1.);
#440=VECTOR('',#3197,1.);
#441=VECTOR('',#3198,1.);
#442=VECTOR('',#3203,1.);
#443=VECTOR('',#3206,1.);
#444=VECTOR('',#3217,1.);
#445=VECTOR('',#3218,1.);
#446=VECTOR('',#3221,1.);
#447=VECTOR('',#3222,1.);
#448=VECTOR('',#3231,1.);
#449=VECTOR('',#3232,1.);
#450=VECTOR('',#3235,1.);
#451=VECTOR('',#3236,1.);
#452=VECTOR('',#3245,1.);
#453=VECTOR('',#3246,1.);
#454=VECTOR('',#3249,1.);
#455=VECTOR('',#3250,1.);
#456=VECTOR('',#3259,1.);
#457=VECTOR('',#3260,1.);
#458=VECTOR('',#3263,1.);
#459=VECTOR('',#3264,1.);
#460=VECTOR('',#3273,1.);
#461=VECTOR('',#3274,1.);
#462=VECTOR('',#3277,1.);
#463=VECTOR('',#3278,1.);
#464=VECTOR('',#3287,1.);
#465=VECTOR('',#3288,1.);
#466=VECTOR('',#3291,1.);
#467=VECTOR('',#3292,1.);
#468=VECTOR('',#3301,1.);
#469=VECTOR('',#3302,1.);
#470=VECTOR('',#3305,1.);
#471=VECTOR('',#3306,1.);
#472=VECTOR('',#3315,1.);
#473=VECTOR('',#3316,1.);
#474=VECTOR('',#3319,1.);
#475=VECTOR('',#3320,1.);
#476=VECTOR('',#3329,1.);
#477=VECTOR('',#3330,1.);
#478=VECTOR('',#3333,1.);
#479=VECTOR('',#3334,1.);
#480=VECTOR('',#3343,1.);
#481=VECTOR('',#3344,1.);
#482=VECTOR('',#3347,1.);
#483=VECTOR('',#3348,1.);
#484=VECTOR('',#3357,1.);
#485=VECTOR('',#3358,1.);
#486=VECTOR('',#3361,1.);
#487=VECTOR('',#3362,1.);
#488=VECTOR('',#3371,1.);
#489=VECTOR('',#3372,1.);
#490=VECTOR('',#3375,1.);
#491=VECTOR('',#3376,1.);
#492=VECTOR('',#3385,1.);
#493=VECTOR('',#3386,1.);
#494=VECTOR('',#3389,1.);
#495=VECTOR('',#3390,1.);
#496=VECTOR('',#3399,1.);
#497=VECTOR('',#3400,1.);
#498=VECTOR('',#3403,1.);
#499=VECTOR('',#3404,1.);
#500=VECTOR('',#3413,1.);
#501=VECTOR('',#3414,1.);
#502=VECTOR('',#3417,1.);
#503=VECTOR('',#3418,1.);
#504=VECTOR('',#3427,1.);
#505=VECTOR('',#3428,1.);
#506=VECTOR('',#3431,1.);
#507=VECTOR('',#3432,1.);
#508=VECTOR('',#3441,1.);
#509=VECTOR('',#3442,1.);
#510=VECTOR('',#3445,1.);
#511=VECTOR('',#3446,1.);
#512=VECTOR('',#3455,1.);
#513=VECTOR('',#3456,1.);
#514=VECTOR('',#3459,1.);
#515=VECTOR('',#3460,1.);
#516=VECTOR('',#3469,1.);
#517=VECTOR('',#3470,1.);
#518=VECTOR('',#3473,1.);
#519=VECTOR('',#3474,1.);
#520=VECTOR('',#3483,1.);
#521=VECTOR('',#3484,1.);
#522=VECTOR('',#3487,1.);
#523=VECTOR('',#3488,1.);
#524=VECTOR('',#3497,1.);
#525=VECTOR('',#3498,1.);
#526=VECTOR('',#3501,1.);
#527=VECTOR('',#3502,1.);
#528=ORIENTED_EDGE('',*,*,#1262,.T.);
#529=ORIENTED_EDGE('',*,*,#1263,.F.);
#530=ORIENTED_EDGE('',*,*,#1264,.T.);
#531=ORIENTED_EDGE('',*,*,#1265,.F.);
#532=ORIENTED_EDGE('',*,*,#1266,.F.);
#533=ORIENTED_EDGE('',*,*,#1267,.F.);
#534=ORIENTED_EDGE('',*,*,#1268,.T.);
#535=ORIENTED_EDGE('',*,*,#1269,.F.);
#536=ORIENTED_EDGE('',*,*,#1270,.F.);
#537=ORIENTED_EDGE('',*,*,#1271,.F.);
#538=ORIENTED_EDGE('',*,*,#1272,.T.);
#539=ORIENTED_EDGE('',*,*,#1273,.F.);
#540=ORIENTED_EDGE('',*,*,#1274,.F.);
#541=ORIENTED_EDGE('',*,*,#1275,.F.);
#542=ORIENTED_EDGE('',*,*,#1276,.T.);
#543=ORIENTED_EDGE('',*,*,#1277,.F.);
#544=ORIENTED_EDGE('',*,*,#1278,.F.);
#545=ORIENTED_EDGE('',*,*,#1279,.F.);
#546=ORIENTED_EDGE('',*,*,#1280,.T.);
#547=ORIENTED_EDGE('',*,*,#1281,.F.);
#548=ORIENTED_EDGE('',*,*,#1282,.F.);
#549=ORIENTED_EDGE('',*,*,#1283,.F.);
#550=ORIENTED_EDGE('',*,*,#1284,.T.);
#551=ORIENTED_EDGE('',*,*,#1285,.F.);
#552=ORIENTED_EDGE('',*,*,#1286,.F.);
#553=ORIENTED_EDGE('',*,*,#1287,.F.);
#554=ORIENTED_EDGE('',*,*,#1288,.T.);
#555=ORIENTED_EDGE('',*,*,#1289,.F.);
#556=ORIENTED_EDGE('',*,*,#1290,.F.);
#557=ORIENTED_EDGE('',*,*,#1291,.F.);
#558=ORIENTED_EDGE('',*,*,#1292,.T.);
#559=ORIENTED_EDGE('',*,*,#1293,.F.);
#560=ORIENTED_EDGE('',*,*,#1294,.F.);
#561=ORIENTED_EDGE('',*,*,#1295,.F.);
#562=ORIENTED_EDGE('',*,*,#1296,.T.);
#563=ORIENTED_EDGE('',*,*,#1297,.F.);
#564=ORIENTED_EDGE('',*,*,#1298,.F.);
#565=ORIENTED_EDGE('',*,*,#1299,.F.);
#566=ORIENTED_EDGE('',*,*,#1300,.T.);
#567=ORIENTED_EDGE('',*,*,#1301,.F.);
#568=ORIENTED_EDGE('',*,*,#1302,.F.);
#569=ORIENTED_EDGE('',*,*,#1303,.F.);
#570=ORIENTED_EDGE('',*,*,#1304,.T.);
#571=ORIENTED_EDGE('',*,*,#1305,.F.);
#572=ORIENTED_EDGE('',*,*,#1306,.F.);
#573=ORIENTED_EDGE('',*,*,#1307,.F.);
#574=ORIENTED_EDGE('',*,*,#1308,.T.);
#575=ORIENTED_EDGE('',*,*,#1309,.F.);
#576=ORIENTED_EDGE('',*,*,#1310,.F.);
#577=ORIENTED_EDGE('',*,*,#1311,.F.);
#578=ORIENTED_EDGE('',*,*,#1312,.T.);
#579=ORIENTED_EDGE('',*,*,#1313,.F.);
#580=ORIENTED_EDGE('',*,*,#1314,.F.);
#581=ORIENTED_EDGE('',*,*,#1315,.F.);
#582=ORIENTED_EDGE('',*,*,#1316,.T.);
#583=ORIENTED_EDGE('',*,*,#1317,.F.);
#584=ORIENTED_EDGE('',*,*,#1318,.F.);
#585=ORIENTED_EDGE('',*,*,#1319,.F.);
#586=ORIENTED_EDGE('',*,*,#1320,.T.);
#587=ORIENTED_EDGE('',*,*,#1321,.F.);
#588=ORIENTED_EDGE('',*,*,#1322,.F.);
#589=ORIENTED_EDGE('',*,*,#1323,.F.);
#590=ORIENTED_EDGE('',*,*,#1324,.T.);
#591=ORIENTED_EDGE('',*,*,#1325,.F.);
#592=ORIENTED_EDGE('',*,*,#1326,.F.);
#593=ORIENTED_EDGE('',*,*,#1327,.F.);
#594=ORIENTED_EDGE('',*,*,#1328,.T.);
#595=ORIENTED_EDGE('',*,*,#1329,.F.);
#596=ORIENTED_EDGE('',*,*,#1330,.F.);
#597=ORIENTED_EDGE('',*,*,#1331,.F.);
#598=ORIENTED_EDGE('',*,*,#1332,.T.);
#599=ORIENTED_EDGE('',*,*,#1333,.F.);
#600=ORIENTED_EDGE('',*,*,#1334,.F.);
#601=ORIENTED_EDGE('',*,*,#1335,.F.);
#602=ORIENTED_EDGE('',*,*,#1336,.T.);
#603=ORIENTED_EDGE('',*,*,#1337,.F.);
#604=ORIENTED_EDGE('',*,*,#1338,.F.);
#605=ORIENTED_EDGE('',*,*,#1339,.F.);
#606=ORIENTED_EDGE('',*,*,#1340,.T.);
#607=ORIENTED_EDGE('',*,*,#1341,.F.);
#608=ORIENTED_EDGE('',*,*,#1342,.F.);
#609=ORIENTED_EDGE('',*,*,#1343,.F.);
#610=ORIENTED_EDGE('',*,*,#1344,.T.);
#611=ORIENTED_EDGE('',*,*,#1345,.F.);
#612=ORIENTED_EDGE('',*,*,#1346,.F.);
#613=ORIENTED_EDGE('',*,*,#1347,.F.);
#614=ORIENTED_EDGE('',*,*,#1348,.T.);
#615=ORIENTED_EDGE('',*,*,#1349,.F.);
#616=ORIENTED_EDGE('',*,*,#1350,.F.);
#617=ORIENTED_EDGE('',*,*,#1351,.F.);
#618=ORIENTED_EDGE('',*,*,#1352,.T.);
#619=ORIENTED_EDGE('',*,*,#1353,.F.);
#620=ORIENTED_EDGE('',*,*,#1354,.F.);
#621=ORIENTED_EDGE('',*,*,#1355,.F.);
#622=ORIENTED_EDGE('',*,*,#1356,.T.);
#623=ORIENTED_EDGE('',*,*,#1357,.F.);
#624=ORIENTED_EDGE('',*,*,#1358,.F.);
#625=ORIENTED_EDGE('',*,*,#1359,.F.);
#626=ORIENTED_EDGE('',*,*,#1360,.T.);
#627=ORIENTED_EDGE('',*,*,#1361,.F.);
#628=ORIENTED_EDGE('',*,*,#1362,.F.);
#629=ORIENTED_EDGE('',*,*,#1363,.F.);
#630=ORIENTED_EDGE('',*,*,#1364,.T.);
#631=ORIENTED_EDGE('',*,*,#1365,.F.);
#632=ORIENTED_EDGE('',*,*,#1366,.F.);
#633=ORIENTED_EDGE('',*,*,#1367,.F.);
#634=ORIENTED_EDGE('',*,*,#1368,.T.);
#635=ORIENTED_EDGE('',*,*,#1369,.F.);
#636=ORIENTED_EDGE('',*,*,#1370,.F.);
#637=ORIENTED_EDGE('',*,*,#1371,.F.);
#638=ORIENTED_EDGE('',*,*,#1372,.T.);
#639=ORIENTED_EDGE('',*,*,#1373,.F.);
#640=ORIENTED_EDGE('',*,*,#1374,.F.);
#641=ORIENTED_EDGE('',*,*,#1375,.F.);
#642=ORIENTED_EDGE('',*,*,#1376,.T.);
#643=ORIENTED_EDGE('',*,*,#1377,.F.);
#644=ORIENTED_EDGE('',*,*,#1378,.F.);
#645=ORIENTED_EDGE('',*,*,#1379,.F.);
#646=ORIENTED_EDGE('',*,*,#1380,.T.);
#647=ORIENTED_EDGE('',*,*,#1381,.F.);
#648=ORIENTED_EDGE('',*,*,#1382,.F.);
#649=ORIENTED_EDGE('',*,*,#1383,.T.);
#650=ORIENTED_EDGE('',*,*,#1384,.T.);
#651=ORIENTED_EDGE('',*,*,#1381,.T.);
#652=ORIENTED_EDGE('',*,*,#1385,.F.);
#653=ORIENTED_EDGE('',*,*,#1386,.T.);
#654=ORIENTED_EDGE('',*,*,#1387,.T.);
#655=ORIENTED_EDGE('',*,*,#1377,.T.);
#656=ORIENTED_EDGE('',*,*,#1388,.F.);
#657=ORIENTED_EDGE('',*,*,#1389,.T.);
#658=ORIENTED_EDGE('',*,*,#1390,.T.);
#659=ORIENTED_EDGE('',*,*,#1373,.T.);
#660=ORIENTED_EDGE('',*,*,#1391,.F.);
#661=ORIENTED_EDGE('',*,*,#1392,.T.);
#662=ORIENTED_EDGE('',*,*,#1393,.T.);
#663=ORIENTED_EDGE('',*,*,#1369,.T.);
#664=ORIENTED_EDGE('',*,*,#1394,.F.);
#665=ORIENTED_EDGE('',*,*,#1395,.T.);
#666=ORIENTED_EDGE('',*,*,#1396,.T.);
#667=ORIENTED_EDGE('',*,*,#1365,.T.);
#668=ORIENTED_EDGE('',*,*,#1397,.F.);
#669=ORIENTED_EDGE('',*,*,#1398,.T.);
#670=ORIENTED_EDGE('',*,*,#1399,.T.);
#671=ORIENTED_EDGE('',*,*,#1361,.T.);
#672=ORIENTED_EDGE('',*,*,#1400,.F.);
#673=ORIENTED_EDGE('',*,*,#1401,.T.);
#674=ORIENTED_EDGE('',*,*,#1402,.T.);
#675=ORIENTED_EDGE('',*,*,#1357,.T.);
#676=ORIENTED_EDGE('',*,*,#1403,.F.);
#677=ORIENTED_EDGE('',*,*,#1404,.T.);
#678=ORIENTED_EDGE('',*,*,#1405,.T.);
#679=ORIENTED_EDGE('',*,*,#1353,.T.);
#680=ORIENTED_EDGE('',*,*,#1406,.F.);
#681=ORIENTED_EDGE('',*,*,#1407,.T.);
#682=ORIENTED_EDGE('',*,*,#1408,.T.);
#683=ORIENTED_EDGE('',*,*,#1349,.T.);
#684=ORIENTED_EDGE('',*,*,#1409,.F.);
#685=ORIENTED_EDGE('',*,*,#1410,.T.);
#686=ORIENTED_EDGE('',*,*,#1411,.T.);
#687=ORIENTED_EDGE('',*,*,#1345,.T.);
#688=ORIENTED_EDGE('',*,*,#1412,.F.);
#689=ORIENTED_EDGE('',*,*,#1413,.T.);
#690=ORIENTED_EDGE('',*,*,#1414,.T.);
#691=ORIENTED_EDGE('',*,*,#1341,.T.);
#692=ORIENTED_EDGE('',*,*,#1415,.F.);
#693=ORIENTED_EDGE('',*,*,#1416,.T.);
#694=ORIENTED_EDGE('',*,*,#1417,.T.);
#695=ORIENTED_EDGE('',*,*,#1337,.T.);
#696=ORIENTED_EDGE('',*,*,#1418,.F.);
#697=ORIENTED_EDGE('',*,*,#1419,.T.);
#698=ORIENTED_EDGE('',*,*,#1420,.T.);
#699=ORIENTED_EDGE('',*,*,#1333,.T.);
#700=ORIENTED_EDGE('',*,*,#1421,.F.);
#701=ORIENTED_EDGE('',*,*,#1422,.T.);
#702=ORIENTED_EDGE('',*,*,#1423,.T.);
#703=ORIENTED_EDGE('',*,*,#1329,.T.);
#704=ORIENTED_EDGE('',*,*,#1424,.F.);
#705=ORIENTED_EDGE('',*,*,#1425,.T.);
#706=ORIENTED_EDGE('',*,*,#1426,.T.);
#707=ORIENTED_EDGE('',*,*,#1325,.T.);
#708=ORIENTED_EDGE('',*,*,#1427,.F.);
#709=ORIENTED_EDGE('',*,*,#1428,.T.);
#710=ORIENTED_EDGE('',*,*,#1429,.T.);
#711=ORIENTED_EDGE('',*,*,#1321,.T.);
#712=ORIENTED_EDGE('',*,*,#1430,.F.);
#713=ORIENTED_EDGE('',*,*,#1431,.T.);
#714=ORIENTED_EDGE('',*,*,#1432,.T.);
#715=ORIENTED_EDGE('',*,*,#1317,.T.);
#716=ORIENTED_EDGE('',*,*,#1433,.F.);
#717=ORIENTED_EDGE('',*,*,#1434,.T.);
#718=ORIENTED_EDGE('',*,*,#1435,.T.);
#719=ORIENTED_EDGE('',*,*,#1313,.T.);
#720=ORIENTED_EDGE('',*,*,#1436,.F.);
#721=ORIENTED_EDGE('',*,*,#1437,.T.);
#722=ORIENTED_EDGE('',*,*,#1438,.T.);
#723=ORIENTED_EDGE('',*,*,#1309,.T.);
#724=ORIENTED_EDGE('',*,*,#1439,.F.);
#725=ORIENTED_EDGE('',*,*,#1440,.T.);
#726=ORIENTED_EDGE('',*,*,#1441,.T.);
#727=ORIENTED_EDGE('',*,*,#1305,.T.);
#728=ORIENTED_EDGE('',*,*,#1442,.F.);
#729=ORIENTED_EDGE('',*,*,#1443,.T.);
#730=ORIENTED_EDGE('',*,*,#1444,.T.);
#731=ORIENTED_EDGE('',*,*,#1301,.T.);
#732=ORIENTED_EDGE('',*,*,#1445,.F.);
#733=ORIENTED_EDGE('',*,*,#1446,.T.);
#734=ORIENTED_EDGE('',*,*,#1447,.T.);
#735=ORIENTED_EDGE('',*,*,#1297,.T.);
#736=ORIENTED_EDGE('',*,*,#1448,.F.);
#737=ORIENTED_EDGE('',*,*,#1449,.T.);
#738=ORIENTED_EDGE('',*,*,#1450,.T.);
#739=ORIENTED_EDGE('',*,*,#1293,.T.);
#740=ORIENTED_EDGE('',*,*,#1451,.F.);
#741=ORIENTED_EDGE('',*,*,#1452,.T.);
#742=ORIENTED_EDGE('',*,*,#1453,.T.);
#743=ORIENTED_EDGE('',*,*,#1289,.T.);
#744=ORIENTED_EDGE('',*,*,#1454,.F.);
#745=ORIENTED_EDGE('',*,*,#1455,.T.);
#746=ORIENTED_EDGE('',*,*,#1456,.T.);
#747=ORIENTED_EDGE('',*,*,#1285,.T.);
#748=ORIENTED_EDGE('',*,*,#1457,.F.);
#749=ORIENTED_EDGE('',*,*,#1458,.T.);
#750=ORIENTED_EDGE('',*,*,#1459,.T.);
#751=ORIENTED_EDGE('',*,*,#1281,.T.);
#752=ORIENTED_EDGE('',*,*,#1460,.F.);
#753=ORIENTED_EDGE('',*,*,#1461,.T.);
#754=ORIENTED_EDGE('',*,*,#1462,.T.);
#755=ORIENTED_EDGE('',*,*,#1277,.T.);
#756=ORIENTED_EDGE('',*,*,#1463,.F.);
#757=ORIENTED_EDGE('',*,*,#1464,.T.);
#758=ORIENTED_EDGE('',*,*,#1465,.T.);
#759=ORIENTED_EDGE('',*,*,#1273,.T.);
#760=ORIENTED_EDGE('',*,*,#1466,.F.);
#761=ORIENTED_EDGE('',*,*,#1467,.T.);
#762=ORIENTED_EDGE('',*,*,#1468,.T.);
#763=ORIENTED_EDGE('',*,*,#1269,.T.);
#764=ORIENTED_EDGE('',*,*,#1469,.F.);
#765=ORIENTED_EDGE('',*,*,#1470,.T.);
#766=ORIENTED_EDGE('',*,*,#1471,.T.);
#767=ORIENTED_EDGE('',*,*,#1265,.T.);
#768=ORIENTED_EDGE('',*,*,#1472,.F.);
#769=ORIENTED_EDGE('',*,*,#1473,.F.);
#770=ORIENTED_EDGE('',*,*,#1474,.F.);
#771=ORIENTED_EDGE('',*,*,#1473,.T.);
#772=ORIENTED_EDGE('',*,*,#1475,.T.);
#773=ORIENTED_EDGE('',*,*,#1476,.T.);
#774=ORIENTED_EDGE('',*,*,#1477,.F.);
#775=ORIENTED_EDGE('',*,*,#1474,.T.);
#776=ORIENTED_EDGE('',*,*,#1477,.T.);
#777=ORIENTED_EDGE('',*,*,#1476,.F.);
#778=ORIENTED_EDGE('',*,*,#1475,.F.);
#779=ORIENTED_EDGE('',*,*,#1352,.F.);
#780=ORIENTED_EDGE('',*,*,#1478,.F.);
#781=ORIENTED_EDGE('',*,*,#1479,.T.);
#782=ORIENTED_EDGE('',*,*,#1406,.T.);
#783=ORIENTED_EDGE('',*,*,#1350,.T.);
#784=ORIENTED_EDGE('',*,*,#1408,.F.);
#785=ORIENTED_EDGE('',*,*,#1480,.F.);
#786=ORIENTED_EDGE('',*,*,#1481,.T.);
#787=ORIENTED_EDGE('',*,*,#1351,.T.);
#788=ORIENTED_EDGE('',*,*,#1481,.F.);
#789=ORIENTED_EDGE('',*,*,#1482,.F.);
#790=ORIENTED_EDGE('',*,*,#1478,.T.);
#791=ORIENTED_EDGE('',*,*,#1479,.F.);
#792=ORIENTED_EDGE('',*,*,#1482,.T.);
#793=ORIENTED_EDGE('',*,*,#1480,.T.);
#794=ORIENTED_EDGE('',*,*,#1407,.F.);
#795=ORIENTED_EDGE('',*,*,#1328,.F.);
#796=ORIENTED_EDGE('',*,*,#1483,.F.);
#797=ORIENTED_EDGE('',*,*,#1484,.T.);
#798=ORIENTED_EDGE('',*,*,#1424,.T.);
#799=ORIENTED_EDGE('',*,*,#1326,.T.);
#800=ORIENTED_EDGE('',*,*,#1426,.F.);
#801=ORIENTED_EDGE('',*,*,#1485,.F.);
#802=ORIENTED_EDGE('',*,*,#1486,.T.);
#803=ORIENTED_EDGE('',*,*,#1327,.T.);
#804=ORIENTED_EDGE('',*,*,#1486,.F.);
#805=ORIENTED_EDGE('',*,*,#1487,.F.);
#806=ORIENTED_EDGE('',*,*,#1483,.T.);
#807=ORIENTED_EDGE('',*,*,#1484,.F.);
#808=ORIENTED_EDGE('',*,*,#1487,.T.);
#809=ORIENTED_EDGE('',*,*,#1485,.T.);
#810=ORIENTED_EDGE('',*,*,#1425,.F.);
#811=ORIENTED_EDGE('',*,*,#1324,.F.);
#812=ORIENTED_EDGE('',*,*,#1488,.F.);
#813=ORIENTED_EDGE('',*,*,#1489,.T.);
#814=ORIENTED_EDGE('',*,*,#1427,.T.);
#815=ORIENTED_EDGE('',*,*,#1322,.T.);
#816=ORIENTED_EDGE('',*,*,#1429,.F.);
#817=ORIENTED_EDGE('',*,*,#1490,.F.);
#818=ORIENTED_EDGE('',*,*,#1491,.T.);
#819=ORIENTED_EDGE('',*,*,#1323,.T.);
#820=ORIENTED_EDGE('',*,*,#1491,.F.);
#821=ORIENTED_EDGE('',*,*,#1492,.F.);
#822=ORIENTED_EDGE('',*,*,#1488,.T.);
#823=ORIENTED_EDGE('',*,*,#1489,.F.);
#824=ORIENTED_EDGE('',*,*,#1492,.T.);
#825=ORIENTED_EDGE('',*,*,#1490,.T.);
#826=ORIENTED_EDGE('',*,*,#1428,.F.);
#827=ORIENTED_EDGE('',*,*,#1320,.F.);
#828=ORIENTED_EDGE('',*,*,#1493,.F.);
#829=ORIENTED_EDGE('',*,*,#1494,.T.);
#830=ORIENTED_EDGE('',*,*,#1430,.T.);
#831=ORIENTED_EDGE('',*,*,#1318,.T.);
#832=ORIENTED_EDGE('',*,*,#1432,.F.);
#833=ORIENTED_EDGE('',*,*,#1495,.F.);
#834=ORIENTED_EDGE('',*,*,#1496,.T.);
#835=ORIENTED_EDGE('',*,*,#1319,.T.);
#836=ORIENTED_EDGE('',*,*,#1496,.F.);
#837=ORIENTED_EDGE('',*,*,#1497,.F.);
#838=ORIENTED_EDGE('',*,*,#1493,.T.);
#839=ORIENTED_EDGE('',*,*,#1494,.F.);
#840=ORIENTED_EDGE('',*,*,#1497,.T.);
#841=ORIENTED_EDGE('',*,*,#1495,.T.);
#842=ORIENTED_EDGE('',*,*,#1431,.F.);
#843=ORIENTED_EDGE('',*,*,#1316,.F.);
#844=ORIENTED_EDGE('',*,*,#1498,.F.);
#845=ORIENTED_EDGE('',*,*,#1499,.T.);
#846=ORIENTED_EDGE('',*,*,#1433,.T.);
#847=ORIENTED_EDGE('',*,*,#1314,.T.);
#848=ORIENTED_EDGE('',*,*,#1435,.F.);
#849=ORIENTED_EDGE('',*,*,#1500,.F.);
#850=ORIENTED_EDGE('',*,*,#1501,.T.);
#851=ORIENTED_EDGE('',*,*,#1315,.T.);
#852=ORIENTED_EDGE('',*,*,#1501,.F.);
#853=ORIENTED_EDGE('',*,*,#1502,.F.);
#854=ORIENTED_EDGE('',*,*,#1498,.T.);
#855=ORIENTED_EDGE('',*,*,#1499,.F.);
#856=ORIENTED_EDGE('',*,*,#1502,.T.);
#857=ORIENTED_EDGE('',*,*,#1500,.T.);
#858=ORIENTED_EDGE('',*,*,#1434,.F.);
#859=ORIENTED_EDGE('',*,*,#1308,.F.);
#860=ORIENTED_EDGE('',*,*,#1503,.F.);
#861=ORIENTED_EDGE('',*,*,#1504,.T.);
#862=ORIENTED_EDGE('',*,*,#1439,.T.);
#863=ORIENTED_EDGE('',*,*,#1306,.T.);
#864=ORIENTED_EDGE('',*,*,#1441,.F.);
#865=ORIENTED_EDGE('',*,*,#1505,.F.);
#866=ORIENTED_EDGE('',*,*,#1506,.T.);
#867=ORIENTED_EDGE('',*,*,#1307,.T.);
#868=ORIENTED_EDGE('',*,*,#1506,.F.);
#869=ORIENTED_EDGE('',*,*,#1507,.F.);
#870=ORIENTED_EDGE('',*,*,#1503,.T.);
#871=ORIENTED_EDGE('',*,*,#1504,.F.);
#872=ORIENTED_EDGE('',*,*,#1507,.T.);
#873=ORIENTED_EDGE('',*,*,#1505,.T.);
#874=ORIENTED_EDGE('',*,*,#1440,.F.);
#875=ORIENTED_EDGE('',*,*,#1312,.F.);
#876=ORIENTED_EDGE('',*,*,#1508,.F.);
#877=ORIENTED_EDGE('',*,*,#1509,.T.);
#878=ORIENTED_EDGE('',*,*,#1436,.T.);
#879=ORIENTED_EDGE('',*,*,#1310,.T.);
#880=ORIENTED_EDGE('',*,*,#1438,.F.);
#881=ORIENTED_EDGE('',*,*,#1510,.F.);
#882=ORIENTED_EDGE('',*,*,#1511,.T.);
#883=ORIENTED_EDGE('',*,*,#1311,.T.);
#884=ORIENTED_EDGE('',*,*,#1511,.F.);
#885=ORIENTED_EDGE('',*,*,#1512,.F.);
#886=ORIENTED_EDGE('',*,*,#1508,.T.);
#887=ORIENTED_EDGE('',*,*,#1509,.F.);
#888=ORIENTED_EDGE('',*,*,#1512,.T.);
#889=ORIENTED_EDGE('',*,*,#1510,.T.);
#890=ORIENTED_EDGE('',*,*,#1437,.F.);
#891=ORIENTED_EDGE('',*,*,#1304,.F.);
#892=ORIENTED_EDGE('',*,*,#1513,.F.);
#893=ORIENTED_EDGE('',*,*,#1514,.T.);
#894=ORIENTED_EDGE('',*,*,#1442,.T.);
#895=ORIENTED_EDGE('',*,*,#1302,.T.);
#896=ORIENTED_EDGE('',*,*,#1444,.F.);
#897=ORIENTED_EDGE('',*,*,#1515,.F.);
#898=ORIENTED_EDGE('',*,*,#1516,.T.);
#899=ORIENTED_EDGE('',*,*,#1303,.T.);
#900=ORIENTED_EDGE('',*,*,#1516,.F.);
#901=ORIENTED_EDGE('',*,*,#1517,.F.);
#902=ORIENTED_EDGE('',*,*,#1513,.T.);
#903=ORIENTED_EDGE('',*,*,#1514,.F.);
#904=ORIENTED_EDGE('',*,*,#1517,.T.);
#905=ORIENTED_EDGE('',*,*,#1515,.T.);
#906=ORIENTED_EDGE('',*,*,#1443,.F.);
#907=ORIENTED_EDGE('',*,*,#1298,.T.);
#908=ORIENTED_EDGE('',*,*,#1447,.F.);
#909=ORIENTED_EDGE('',*,*,#1518,.F.);
#910=ORIENTED_EDGE('',*,*,#1519,.T.);
#911=ORIENTED_EDGE('',*,*,#1299,.T.);
#912=ORIENTED_EDGE('',*,*,#1519,.F.);
#913=ORIENTED_EDGE('',*,*,#1520,.F.);
#914=ORIENTED_EDGE('',*,*,#1521,.T.);
#915=ORIENTED_EDGE('',*,*,#1300,.F.);
#916=ORIENTED_EDGE('',*,*,#1521,.F.);
#917=ORIENTED_EDGE('',*,*,#1522,.T.);
#918=ORIENTED_EDGE('',*,*,#1445,.T.);
#919=ORIENTED_EDGE('',*,*,#1518,.T.);
#920=ORIENTED_EDGE('',*,*,#1446,.F.);
#921=ORIENTED_EDGE('',*,*,#1522,.F.);
#922=ORIENTED_EDGE('',*,*,#1520,.T.);
#923=ORIENTED_EDGE('',*,*,#1523,.T.);
#924=ORIENTED_EDGE('',*,*,#1262,.F.);
#925=ORIENTED_EDGE('',*,*,#1523,.F.);
#926=ORIENTED_EDGE('',*,*,#1348,.F.);
#927=ORIENTED_EDGE('',*,*,#1524,.F.);
#928=ORIENTED_EDGE('',*,*,#1525,.T.);
#929=ORIENTED_EDGE('',*,*,#1409,.T.);
#930=ORIENTED_EDGE('',*,*,#1346,.T.);
#931=ORIENTED_EDGE('',*,*,#1411,.F.);
#932=ORIENTED_EDGE('',*,*,#1526,.F.);
#933=ORIENTED_EDGE('',*,*,#1527,.T.);
#934=ORIENTED_EDGE('',*,*,#1347,.T.);
#935=ORIENTED_EDGE('',*,*,#1527,.F.);
#936=ORIENTED_EDGE('',*,*,#1528,.F.);
#937=ORIENTED_EDGE('',*,*,#1524,.T.);
#938=ORIENTED_EDGE('',*,*,#1525,.F.);
#939=ORIENTED_EDGE('',*,*,#1528,.T.);
#940=ORIENTED_EDGE('',*,*,#1526,.T.);
#941=ORIENTED_EDGE('',*,*,#1410,.F.);
#942=ORIENTED_EDGE('',*,*,#1340,.F.);
#943=ORIENTED_EDGE('',*,*,#1529,.F.);
#944=ORIENTED_EDGE('',*,*,#1530,.T.);
#945=ORIENTED_EDGE('',*,*,#1415,.T.);
#946=ORIENTED_EDGE('',*,*,#1338,.T.);
#947=ORIENTED_EDGE('',*,*,#1417,.F.);
#948=ORIENTED_EDGE('',*,*,#1531,.F.);
#949=ORIENTED_EDGE('',*,*,#1532,.T.);
#950=ORIENTED_EDGE('',*,*,#1339,.T.);
#951=ORIENTED_EDGE('',*,*,#1532,.F.);
#952=ORIENTED_EDGE('',*,*,#1533,.F.);
#953=ORIENTED_EDGE('',*,*,#1529,.T.);
#954=ORIENTED_EDGE('',*,*,#1530,.F.);
#955=ORIENTED_EDGE('',*,*,#1533,.T.);
#956=ORIENTED_EDGE('',*,*,#1531,.T.);
#957=ORIENTED_EDGE('',*,*,#1416,.F.);
#958=ORIENTED_EDGE('',*,*,#1344,.F.);
#959=ORIENTED_EDGE('',*,*,#1534,.F.);
#960=ORIENTED_EDGE('',*,*,#1535,.T.);
#961=ORIENTED_EDGE('',*,*,#1412,.T.);
#962=ORIENTED_EDGE('',*,*,#1342,.T.);
#963=ORIENTED_EDGE('',*,*,#1414,.F.);
#964=ORIENTED_EDGE('',*,*,#1536,.F.);
#965=ORIENTED_EDGE('',*,*,#1537,.T.);
#966=ORIENTED_EDGE('',*,*,#1343,.T.);
#967=ORIENTED_EDGE('',*,*,#1537,.F.);
#968=ORIENTED_EDGE('',*,*,#1538,.F.);
#969=ORIENTED_EDGE('',*,*,#1534,.T.);
#970=ORIENTED_EDGE('',*,*,#1535,.F.);
#971=ORIENTED_EDGE('',*,*,#1538,.T.);
#972=ORIENTED_EDGE('',*,*,#1536,.T.);
#973=ORIENTED_EDGE('',*,*,#1413,.F.);
#974=ORIENTED_EDGE('',*,*,#1336,.F.);
#975=ORIENTED_EDGE('',*,*,#1539,.F.);
#976=ORIENTED_EDGE('',*,*,#1540,.T.);
#977=ORIENTED_EDGE('',*,*,#1418,.T.);
#978=ORIENTED_EDGE('',*,*,#1334,.T.);
#979=ORIENTED_EDGE('',*,*,#1420,.F.);
#980=ORIENTED_EDGE('',*,*,#1541,.F.);
#981=ORIENTED_EDGE('',*,*,#1542,.T.);
#982=ORIENTED_EDGE('',*,*,#1335,.T.);
#983=ORIENTED_EDGE('',*,*,#1542,.F.);
#984=ORIENTED_EDGE('',*,*,#1543,.F.);
#985=ORIENTED_EDGE('',*,*,#1539,.T.);
#986=ORIENTED_EDGE('',*,*,#1540,.F.);
#987=ORIENTED_EDGE('',*,*,#1543,.T.);
#988=ORIENTED_EDGE('',*,*,#1541,.T.);
#989=ORIENTED_EDGE('',*,*,#1419,.F.);
#990=ORIENTED_EDGE('',*,*,#1332,.F.);
#991=ORIENTED_EDGE('',*,*,#1544,.F.);
#992=ORIENTED_EDGE('',*,*,#1545,.T.);
#993=ORIENTED_EDGE('',*,*,#1421,.T.);
#994=ORIENTED_EDGE('',*,*,#1330,.T.);
#995=ORIENTED_EDGE('',*,*,#1423,.F.);
#996=ORIENTED_EDGE('',*,*,#1546,.F.);
#997=ORIENTED_EDGE('',*,*,#1547,.T.);
#998=ORIENTED_EDGE('',*,*,#1331,.T.);
#999=ORIENTED_EDGE('',*,*,#1547,.F.);
#1000=ORIENTED_EDGE('',*,*,#1548,.F.);
#1001=ORIENTED_EDGE('',*,*,#1544,.T.);
#1002=ORIENTED_EDGE('',*,*,#1545,.F.);
#1003=ORIENTED_EDGE('',*,*,#1548,.T.);
#1004=ORIENTED_EDGE('',*,*,#1546,.T.);
#1005=ORIENTED_EDGE('',*,*,#1422,.F.);
#1006=ORIENTED_EDGE('',*,*,#1268,.F.);
#1007=ORIENTED_EDGE('',*,*,#1549,.F.);
#1008=ORIENTED_EDGE('',*,*,#1550,.T.);
#1009=ORIENTED_EDGE('',*,*,#1469,.T.);
#1010=ORIENTED_EDGE('',*,*,#1266,.T.);
#1011=ORIENTED_EDGE('',*,*,#1471,.F.);
#1012=ORIENTED_EDGE('',*,*,#1551,.F.);
#1013=ORIENTED_EDGE('',*,*,#1552,.T.);
#1014=ORIENTED_EDGE('',*,*,#1267,.T.);
#1015=ORIENTED_EDGE('',*,*,#1552,.F.);
#1016=ORIENTED_EDGE('',*,*,#1553,.F.);
#1017=ORIENTED_EDGE('',*,*,#1549,.T.);
#1018=ORIENTED_EDGE('',*,*,#1550,.F.);
#1019=ORIENTED_EDGE('',*,*,#1553,.T.);
#1020=ORIENTED_EDGE('',*,*,#1551,.T.);
#1021=ORIENTED_EDGE('',*,*,#1470,.F.);
#1022=ORIENTED_EDGE('',*,*,#1272,.F.);
#1023=ORIENTED_EDGE('',*,*,#1554,.F.);
#1024=ORIENTED_EDGE('',*,*,#1555,.T.);
#1025=ORIENTED_EDGE('',*,*,#1466,.T.);
#1026=ORIENTED_EDGE('',*,*,#1270,.T.);
#1027=ORIENTED_EDGE('',*,*,#1468,.F.);
#1028=ORIENTED_EDGE('',*,*,#1556,.F.);
#1029=ORIENTED_EDGE('',*,*,#1557,.T.);
#1030=ORIENTED_EDGE('',*,*,#1271,.T.);
#1031=ORIENTED_EDGE('',*,*,#1557,.F.);
#1032=ORIENTED_EDGE('',*,*,#1558,.F.);
#1033=ORIENTED_EDGE('',*,*,#1554,.T.);
#1034=ORIENTED_EDGE('',*,*,#1555,.F.);
#1035=ORIENTED_EDGE('',*,*,#1558,.T.);
#1036=ORIENTED_EDGE('',*,*,#1556,.T.);
#1037=ORIENTED_EDGE('',*,*,#1467,.F.);
#1038=ORIENTED_EDGE('',*,*,#1276,.F.);
#1039=ORIENTED_EDGE('',*,*,#1559,.F.);
#1040=ORIENTED_EDGE('',*,*,#1560,.T.);
#1041=ORIENTED_EDGE('',*,*,#1463,.T.);
#1042=ORIENTED_EDGE('',*,*,#1274,.T.);
#1043=ORIENTED_EDGE('',*,*,#1465,.F.);
#1044=ORIENTED_EDGE('',*,*,#1561,.F.);
#1045=ORIENTED_EDGE('',*,*,#1562,.T.);
#1046=ORIENTED_EDGE('',*,*,#1275,.T.);
#1047=ORIENTED_EDGE('',*,*,#1562,.F.);
#1048=ORIENTED_EDGE('',*,*,#1563,.F.);
#1049=ORIENTED_EDGE('',*,*,#1559,.T.);
#1050=ORIENTED_EDGE('',*,*,#1560,.F.);
#1051=ORIENTED_EDGE('',*,*,#1563,.T.);
#1052=ORIENTED_EDGE('',*,*,#1561,.T.);
#1053=ORIENTED_EDGE('',*,*,#1464,.F.);
#1054=ORIENTED_EDGE('',*,*,#1280,.F.);
#1055=ORIENTED_EDGE('',*,*,#1564,.F.);
#1056=ORIENTED_EDGE('',*,*,#1565,.T.);
#1057=ORIENTED_EDGE('',*,*,#1460,.T.);
#1058=ORIENTED_EDGE('',*,*,#1278,.T.);
#1059=ORIENTED_EDGE('',*,*,#1462,.F.);
#1060=ORIENTED_EDGE('',*,*,#1566,.F.);
#1061=ORIENTED_EDGE('',*,*,#1567,.T.);
#1062=ORIENTED_EDGE('',*,*,#1279,.T.);
#1063=ORIENTED_EDGE('',*,*,#1567,.F.);
#1064=ORIENTED_EDGE('',*,*,#1568,.F.);
#1065=ORIENTED_EDGE('',*,*,#1564,.T.);
#1066=ORIENTED_EDGE('',*,*,#1565,.F.);
#1067=ORIENTED_EDGE('',*,*,#1568,.T.);
#1068=ORIENTED_EDGE('',*,*,#1566,.T.);
#1069=ORIENTED_EDGE('',*,*,#1461,.F.);
#1070=ORIENTED_EDGE('',*,*,#1288,.F.);
#1071=ORIENTED_EDGE('',*,*,#1569,.F.);
#1072=ORIENTED_EDGE('',*,*,#1570,.T.);
#1073=ORIENTED_EDGE('',*,*,#1454,.T.);
#1074=ORIENTED_EDGE('',*,*,#1286,.T.);
#1075=ORIENTED_EDGE('',*,*,#1456,.F.);
#1076=ORIENTED_EDGE('',*,*,#1571,.F.);
#1077=ORIENTED_EDGE('',*,*,#1572,.T.);
#1078=ORIENTED_EDGE('',*,*,#1287,.T.);
#1079=ORIENTED_EDGE('',*,*,#1572,.F.);
#1080=ORIENTED_EDGE('',*,*,#1573,.F.);
#1081=ORIENTED_EDGE('',*,*,#1569,.T.);
#1082=ORIENTED_EDGE('',*,*,#1570,.F.);
#1083=ORIENTED_EDGE('',*,*,#1573,.T.);
#1084=ORIENTED_EDGE('',*,*,#1571,.T.);
#1085=ORIENTED_EDGE('',*,*,#1455,.F.);
#1086=ORIENTED_EDGE('',*,*,#1284,.F.);
#1087=ORIENTED_EDGE('',*,*,#1574,.F.);
#1088=ORIENTED_EDGE('',*,*,#1575,.T.);
#1089=ORIENTED_EDGE('',*,*,#1457,.T.);
#1090=ORIENTED_EDGE('',*,*,#1282,.T.);
#1091=ORIENTED_EDGE('',*,*,#1459,.F.);
#1092=ORIENTED_EDGE('',*,*,#1576,.F.);
#1093=ORIENTED_EDGE('',*,*,#1577,.T.);
#1094=ORIENTED_EDGE('',*,*,#1283,.T.);
#1095=ORIENTED_EDGE('',*,*,#1577,.F.);
#1096=ORIENTED_EDGE('',*,*,#1578,.F.);
#1097=ORIENTED_EDGE('',*,*,#1574,.T.);
#1098=ORIENTED_EDGE('',*,*,#1575,.F.);
#1099=ORIENTED_EDGE('',*,*,#1578,.T.);
#1100=ORIENTED_EDGE('',*,*,#1576,.T.);
#1101=ORIENTED_EDGE('',*,*,#1458,.F.);
#1102=ORIENTED_EDGE('',*,*,#1292,.F.);
#1103=ORIENTED_EDGE('',*,*,#1579,.F.);
#1104=ORIENTED_EDGE('',*,*,#1580,.T.);
#1105=ORIENTED_EDGE('',*,*,#1451,.T.);
#1106=ORIENTED_EDGE('',*,*,#1290,.T.);
#1107=ORIENTED_EDGE('',*,*,#1453,.F.);
#1108=ORIENTED_EDGE('',*,*,#1581,.F.);
#1109=ORIENTED_EDGE('',*,*,#1582,.T.);
#1110=ORIENTED_EDGE('',*,*,#1291,.T.);
#1111=ORIENTED_EDGE('',*,*,#1582,.F.);
#1112=ORIENTED_EDGE('',*,*,#1583,.F.);
#1113=ORIENTED_EDGE('',*,*,#1579,.T.);
#1114=ORIENTED_EDGE('',*,*,#1580,.F.);
#1115=ORIENTED_EDGE('',*,*,#1583,.T.);
#1116=ORIENTED_EDGE('',*,*,#1581,.T.);
#1117=ORIENTED_EDGE('',*,*,#1452,.F.);
#1118=ORIENTED_EDGE('',*,*,#1296,.F.);
#1119=ORIENTED_EDGE('',*,*,#1584,.F.);
#1120=ORIENTED_EDGE('',*,*,#1585,.T.);
#1121=ORIENTED_EDGE('',*,*,#1448,.T.);
#1122=ORIENTED_EDGE('',*,*,#1294,.T.);
#1123=ORIENTED_EDGE('',*,*,#1450,.F.);
#1124=ORIENTED_EDGE('',*,*,#1586,.F.);
#1125=ORIENTED_EDGE('',*,*,#1587,.T.);
#1126=ORIENTED_EDGE('',*,*,#1295,.T.);
#1127=ORIENTED_EDGE('',*,*,#1587,.F.);
#1128=ORIENTED_EDGE('',*,*,#1588,.F.);
#1129=ORIENTED_EDGE('',*,*,#1584,.T.);
#1130=ORIENTED_EDGE('',*,*,#1585,.F.);
#1131=ORIENTED_EDGE('',*,*,#1588,.T.);
#1132=ORIENTED_EDGE('',*,*,#1586,.T.);
#1133=ORIENTED_EDGE('',*,*,#1449,.F.);
#1134=ORIENTED_EDGE('',*,*,#1356,.F.);
#1135=ORIENTED_EDGE('',*,*,#1589,.F.);
#1136=ORIENTED_EDGE('',*,*,#1590,.T.);
#1137=ORIENTED_EDGE('',*,*,#1403,.T.);
#1138=ORIENTED_EDGE('',*,*,#1354,.T.);
#1139=ORIENTED_EDGE('',*,*,#1405,.F.);
#1140=ORIENTED_EDGE('',*,*,#1591,.F.);
#1141=ORIENTED_EDGE('',*,*,#1592,.T.);
#1142=ORIENTED_EDGE('',*,*,#1355,.T.);
#1143=ORIENTED_EDGE('',*,*,#1592,.F.);
#1144=ORIENTED_EDGE('',*,*,#1593,.F.);
#1145=ORIENTED_EDGE('',*,*,#1589,.T.);
#1146=ORIENTED_EDGE('',*,*,#1590,.F.);
#1147=ORIENTED_EDGE('',*,*,#1593,.T.);
#1148=ORIENTED_EDGE('',*,*,#1591,.T.);
#1149=ORIENTED_EDGE('',*,*,#1404,.F.);
#1150=ORIENTED_EDGE('',*,*,#1360,.F.);
#1151=ORIENTED_EDGE('',*,*,#1594,.F.);
#1152=ORIENTED_EDGE('',*,*,#1595,.T.);
#1153=ORIENTED_EDGE('',*,*,#1400,.T.);
#1154=ORIENTED_EDGE('',*,*,#1358,.T.);
#1155=ORIENTED_EDGE('',*,*,#1402,.F.);
#1156=ORIENTED_EDGE('',*,*,#1596,.F.);
#1157=ORIENTED_EDGE('',*,*,#1597,.T.);
#1158=ORIENTED_EDGE('',*,*,#1359,.T.);
#1159=ORIENTED_EDGE('',*,*,#1597,.F.);
#1160=ORIENTED_EDGE('',*,*,#1598,.F.);
#1161=ORIENTED_EDGE('',*,*,#1594,.T.);
#1162=ORIENTED_EDGE('',*,*,#1595,.F.);
#1163=ORIENTED_EDGE('',*,*,#1598,.T.);
#1164=ORIENTED_EDGE('',*,*,#1596,.T.);
#1165=ORIENTED_EDGE('',*,*,#1401,.F.);
#1166=ORIENTED_EDGE('',*,*,#1364,.F.);
#1167=ORIENTED_EDGE('',*,*,#1599,.F.);
#1168=ORIENTED_EDGE('',*,*,#1600,.T.);
#1169=ORIENTED_EDGE('',*,*,#1397,.T.);
#1170=ORIENTED_EDGE('',*,*,#1362,.T.);
#1171=ORIENTED_EDGE('',*,*,#1399,.F.);
#1172=ORIENTED_EDGE('',*,*,#1601,.F.);
#1173=ORIENTED_EDGE('',*,*,#1602,.T.);
#1174=ORIENTED_EDGE('',*,*,#1363,.T.);
#1175=ORIENTED_EDGE('',*,*,#1602,.F.);
#1176=ORIENTED_EDGE('',*,*,#1603,.F.);
#1177=ORIENTED_EDGE('',*,*,#1599,.T.);
#1178=ORIENTED_EDGE('',*,*,#1600,.F.);
#1179=ORIENTED_EDGE('',*,*,#1603,.T.);
#1180=ORIENTED_EDGE('',*,*,#1601,.T.);
#1181=ORIENTED_EDGE('',*,*,#1398,.F.);
#1182=ORIENTED_EDGE('',*,*,#1368,.F.);
#1183=ORIENTED_EDGE('',*,*,#1604,.F.);
#1184=ORIENTED_EDGE('',*,*,#1605,.T.);
#1185=ORIENTED_EDGE('',*,*,#1394,.T.);
#1186=ORIENTED_EDGE('',*,*,#1366,.T.);
#1187=ORIENTED_EDGE('',*,*,#1396,.F.);
#1188=ORIENTED_EDGE('',*,*,#1606,.F.);
#1189=ORIENTED_EDGE('',*,*,#1607,.T.);
#1190=ORIENTED_EDGE('',*,*,#1367,.T.);
#1191=ORIENTED_EDGE('',*,*,#1607,.F.);
#1192=ORIENTED_EDGE('',*,*,#1608,.F.);
#1193=ORIENTED_EDGE('',*,*,#1604,.T.);
#1194=ORIENTED_EDGE('',*,*,#1605,.F.);
#1195=ORIENTED_EDGE('',*,*,#1608,.T.);
#1196=ORIENTED_EDGE('',*,*,#1606,.T.);
#1197=ORIENTED_EDGE('',*,*,#1395,.F.);
#1198=ORIENTED_EDGE('',*,*,#1376,.F.);
#1199=ORIENTED_EDGE('',*,*,#1609,.F.);
#1200=ORIENTED_EDGE('',*,*,#1610,.T.);
#1201=ORIENTED_EDGE('',*,*,#1388,.T.);
#1202=ORIENTED_EDGE('',*,*,#1374,.T.);
#1203=ORIENTED_EDGE('',*,*,#1390,.F.);
#1204=ORIENTED_EDGE('',*,*,#1611,.F.);
#1205=ORIENTED_EDGE('',*,*,#1612,.T.);
#1206=ORIENTED_EDGE('',*,*,#1375,.T.);
#1207=ORIENTED_EDGE('',*,*,#1612,.F.);
#1208=ORIENTED_EDGE('',*,*,#1613,.F.);
#1209=ORIENTED_EDGE('',*,*,#1609,.T.);
#1210=ORIENTED_EDGE('',*,*,#1610,.F.);
#1211=ORIENTED_EDGE('',*,*,#1613,.T.);
#1212=ORIENTED_EDGE('',*,*,#1611,.T.);
#1213=ORIENTED_EDGE('',*,*,#1389,.F.);
#1214=ORIENTED_EDGE('',*,*,#1372,.F.);
#1215=ORIENTED_EDGE('',*,*,#1614,.F.);
#1216=ORIENTED_EDGE('',*,*,#1615,.T.);
#1217=ORIENTED_EDGE('',*,*,#1391,.T.);
#1218=ORIENTED_EDGE('',*,*,#1370,.T.);
#1219=ORIENTED_EDGE('',*,*,#1393,.F.);
#1220=ORIENTED_EDGE('',*,*,#1616,.F.);
#1221=ORIENTED_EDGE('',*,*,#1617,.T.);
#1222=ORIENTED_EDGE('',*,*,#1371,.T.);
#1223=ORIENTED_EDGE('',*,*,#1617,.F.);
#1224=ORIENTED_EDGE('',*,*,#1618,.F.);
#1225=ORIENTED_EDGE('',*,*,#1614,.T.);
#1226=ORIENTED_EDGE('',*,*,#1615,.F.);
#1227=ORIENTED_EDGE('',*,*,#1618,.T.);
#1228=ORIENTED_EDGE('',*,*,#1616,.T.);
#1229=ORIENTED_EDGE('',*,*,#1392,.F.);
#1230=ORIENTED_EDGE('',*,*,#1380,.F.);
#1231=ORIENTED_EDGE('',*,*,#1619,.F.);
#1232=ORIENTED_EDGE('',*,*,#1620,.T.);
#1233=ORIENTED_EDGE('',*,*,#1385,.T.);
#1234=ORIENTED_EDGE('',*,*,#1378,.T.);
#1235=ORIENTED_EDGE('',*,*,#1387,.F.);
#1236=ORIENTED_EDGE('',*,*,#1621,.F.);
#1237=ORIENTED_EDGE('',*,*,#1622,.T.);
#1238=ORIENTED_EDGE('',*,*,#1379,.T.);
#1239=ORIENTED_EDGE('',*,*,#1622,.F.);
#1240=ORIENTED_EDGE('',*,*,#1623,.F.);
#1241=ORIENTED_EDGE('',*,*,#1619,.T.);
#1242=ORIENTED_EDGE('',*,*,#1620,.F.);
#1243=ORIENTED_EDGE('',*,*,#1623,.T.);
#1244=ORIENTED_EDGE('',*,*,#1621,.T.);
#1245=ORIENTED_EDGE('',*,*,#1386,.F.);
#1246=ORIENTED_EDGE('',*,*,#1264,.F.);
#1247=ORIENTED_EDGE('',*,*,#1624,.F.);
#1248=ORIENTED_EDGE('',*,*,#1625,.T.);
#1249=ORIENTED_EDGE('',*,*,#1472,.T.);
#1250=ORIENTED_EDGE('',*,*,#1382,.T.);
#1251=ORIENTED_EDGE('',*,*,#1384,.F.);
#1252=ORIENTED_EDGE('',*,*,#1626,.F.);
#1253=ORIENTED_EDGE('',*,*,#1627,.T.);
#1254=ORIENTED_EDGE('',*,*,#1263,.T.);
#1255=ORIENTED_EDGE('',*,*,#1627,.F.);
#1256=ORIENTED_EDGE('',*,*,#1628,.F.);
#1257=ORIENTED_EDGE('',*,*,#1624,.T.);
#1258=ORIENTED_EDGE('',*,*,#1625,.F.);
#1259=ORIENTED_EDGE('',*,*,#1628,.T.);
#1260=ORIENTED_EDGE('',*,*,#1626,.T.);
#1261=ORIENTED_EDGE('',*,*,#1383,.F.);
#1262=EDGE_CURVE('',#1629,#1629,#1876,.T.);
#1263=EDGE_CURVE('',#1630,#1631,#1877,.T.);
#1264=EDGE_CURVE('',#1630,#1632,#48,.T.);
#1265=EDGE_CURVE('',#1633,#1632,#1878,.T.);
#1266=EDGE_CURVE('',#1634,#1633,#49,.T.);
#1267=EDGE_CURVE('',#1635,#1634,#1879,.T.);
#1268=EDGE_CURVE('',#1635,#1636,#50,.T.);
#1269=EDGE_CURVE('',#1637,#1636,#1880,.T.);
#1270=EDGE_CURVE('',#1638,#1637,#51,.T.);
#1271=EDGE_CURVE('',#1639,#1638,#1881,.T.);
#1272=EDGE_CURVE('',#1639,#1640,#52,.T.);
#1273=EDGE_CURVE('',#1641,#1640,#1882,.T.);
#1274=EDGE_CURVE('',#1642,#1641,#53,.T.);
#1275=EDGE_CURVE('',#1643,#1642,#1883,.T.);
#1276=EDGE_CURVE('',#1643,#1644,#54,.T.);
#1277=EDGE_CURVE('',#1645,#1644,#1884,.T.);
#1278=EDGE_CURVE('',#1646,#1645,#55,.T.);
#1279=EDGE_CURVE('',#1647,#1646,#1885,.T.);
#1280=EDGE_CURVE('',#1647,#1648,#56,.T.);
#1281=EDGE_CURVE('',#1649,#1648,#1886,.T.);
#1282=EDGE_CURVE('',#1650,#1649,#57,.T.);
#1283=EDGE_CURVE('',#1651,#1650,#1887,.T.);
#1284=EDGE_CURVE('',#1651,#1652,#58,.T.);
#1285=EDGE_CURVE('',#1653,#1652,#1888,.T.);
#1286=EDGE_CURVE('',#1654,#1653,#59,.T.);
#1287=EDGE_CURVE('',#1655,#1654,#1889,.T.);
#1288=EDGE_CURVE('',#1655,#1656,#60,.T.);
#1289=EDGE_CURVE('',#1657,#1656,#1890,.T.);
#1290=EDGE_CURVE('',#1658,#1657,#61,.T.);
#1291=EDGE_CURVE('',#1659,#1658,#1891,.T.);
#1292=EDGE_CURVE('',#1659,#1660,#62,.T.);
#1293=EDGE_CURVE('',#1661,#1660,#1892,.T.);
#1294=EDGE_CURVE('',#1662,#1661,#63,.T.);
#1295=EDGE_CURVE('',#1663,#1662,#1893,.T.);
#1296=EDGE_CURVE('',#1663,#1664,#64,.T.);
#1297=EDGE_CURVE('',#1665,#1664,#1894,.T.);
#1298=EDGE_CURVE('',#1666,#1665,#65,.T.);
#1299=EDGE_CURVE('',#1667,#1666,#1895,.T.);
#1300=EDGE_CURVE('',#1667,#1668,#66,.T.);
#1301=EDGE_CURVE('',#1669,#1668,#1896,.T.);
#1302=EDGE_CURVE('',#1670,#1669,#67,.T.);
#1303=EDGE_CURVE('',#1671,#1670,#1897,.T.);
#1304=EDGE_CURVE('',#1671,#1672,#68,.T.);
#1305=EDGE_CURVE('',#1673,#1672,#1898,.T.);
#1306=EDGE_CURVE('',#1674,#1673,#69,.T.);
#1307=EDGE_CURVE('',#1675,#1674,#1899,.T.);
#1308=EDGE_CURVE('',#1675,#1676,#70,.T.);
#1309=EDGE_CURVE('',#1677,#1676,#1900,.T.);
#1310=EDGE_CURVE('',#1678,#1677,#71,.T.);
#1311=EDGE_CURVE('',#1679,#1678,#1901,.T.);
#1312=EDGE_CURVE('',#1679,#1680,#72,.T.);
#1313=EDGE_CURVE('',#1681,#1680,#1902,.T.);
#1314=EDGE_CURVE('',#1682,#1681,#73,.T.);
#1315=EDGE_CURVE('',#1683,#1682,#1903,.T.);
#1316=EDGE_CURVE('',#1683,#1684,#74,.T.);
#1317=EDGE_CURVE('',#1685,#1684,#1904,.T.);
#1318=EDGE_CURVE('',#1686,#1685,#75,.T.);
#1319=EDGE_CURVE('',#1687,#1686,#1905,.T.);
#1320=EDGE_CURVE('',#1687,#1688,#76,.T.);
#1321=EDGE_CURVE('',#1689,#1688,#1906,.T.);
#1322=EDGE_CURVE('',#1690,#1689,#77,.T.);
#1323=EDGE_CURVE('',#1691,#1690,#1907,.T.);
#1324=EDGE_CURVE('',#1691,#1692,#78,.T.);
#1325=EDGE_CURVE('',#1693,#1692,#1908,.T.);
#1326=EDGE_CURVE('',#1694,#1693,#79,.T.);
#1327=EDGE_CURVE('',#1695,#1694,#1909,.T.);
#1328=EDGE_CURVE('',#1695,#1696,#80,.T.);
#1329=EDGE_CURVE('',#1697,#1696,#1910,.T.);
#1330=EDGE_CURVE('',#1698,#1697,#81,.T.);
#1331=EDGE_CURVE('',#1699,#1698,#1911,.T.);
#1332=EDGE_CURVE('',#1699,#1700,#82,.T.);
#1333=EDGE_CURVE('',#1701,#1700,#1912,.T.);
#1334=EDGE_CURVE('',#1702,#1701,#83,.T.);
#1335=EDGE_CURVE('',#1703,#1702,#1913,.T.);
#1336=EDGE_CURVE('',#1703,#1704,#84,.T.);
#1337=EDGE_CURVE('',#1705,#1704,#1914,.T.);
#1338=EDGE_CURVE('',#1706,#1705,#85,.T.);
#1339=EDGE_CURVE('',#1707,#1706,#1915,.T.);
#1340=EDGE_CURVE('',#1707,#1708,#86,.T.);
#1341=EDGE_CURVE('',#1709,#1708,#1916,.T.);
#1342=EDGE_CURVE('',#1710,#1709,#87,.T.);
#1343=EDGE_CURVE('',#1711,#1710,#1917,.T.);
#1344=EDGE_CURVE('',#1711,#1712,#88,.T.);
#1345=EDGE_CURVE('',#1713,#1712,#1918,.T.);
#1346=EDGE_CURVE('',#1714,#1713,#89,.T.);
#1347=EDGE_CURVE('',#1715,#1714,#1919,.T.);
#1348=EDGE_CURVE('',#1715,#1716,#90,.T.);
#1349=EDGE_CURVE('',#1717,#1716,#1920,.T.);
#1350=EDGE_CURVE('',#1718,#1717,#91,.T.);
#1351=EDGE_CURVE('',#1719,#1718,#1921,.T.);
#1352=EDGE_CURVE('',#1719,#1720,#92,.T.);
#1353=EDGE_CURVE('',#1721,#1720,#1922,.T.);
#1354=EDGE_CURVE('',#1722,#1721,#93,.T.);
#1355=EDGE_CURVE('',#1723,#1722,#1923,.T.);
#1356=EDGE_CURVE('',#1723,#1724,#94,.T.);
#1357=EDGE_CURVE('',#1725,#1724,#1924,.T.);
#1358=EDGE_CURVE('',#1726,#1725,#95,.T.);
#1359=EDGE_CURVE('',#1727,#1726,#1925,.T.);
#1360=EDGE_CURVE('',#1727,#1728,#96,.T.);
#1361=EDGE_CURVE('',#1729,#1728,#1926,.T.);
#1362=EDGE_CURVE('',#1730,#1729,#97,.T.);
#1363=EDGE_CURVE('',#1731,#1730,#1927,.T.);
#1364=EDGE_CURVE('',#1731,#1732,#98,.T.);
#1365=EDGE_CURVE('',#1733,#1732,#1928,.T.);
#1366=EDGE_CURVE('',#1734,#1733,#99,.T.);
#1367=EDGE_CURVE('',#1735,#1734,#1929,.T.);
#1368=EDGE_CURVE('',#1735,#1736,#100,.T.);
#1369=EDGE_CURVE('',#1737,#1736,#1930,.T.);
#1370=EDGE_CURVE('',#1738,#1737,#101,.T.);
#1371=EDGE_CURVE('',#1739,#1738,#1931,.T.);
#1372=EDGE_CURVE('',#1739,#1740,#102,.T.);
#1373=EDGE_CURVE('',#1741,#1740,#1932,.T.);
#1374=EDGE_CURVE('',#1742,#1741,#103,.T.);
#1375=EDGE_CURVE('',#1743,#1742,#1933,.T.);
#1376=EDGE_CURVE('',#1743,#1744,#104,.T.);
#1377=EDGE_CURVE('',#1745,#1744,#1934,.T.);
#1378=EDGE_CURVE('',#1746,#1745,#105,.T.);
#1379=EDGE_CURVE('',#1747,#1746,#1935,.T.);
#1380=EDGE_CURVE('',#1747,#1748,#106,.T.);
#1381=EDGE_CURVE('',#1749,#1748,#1936,.T.);
#1382=EDGE_CURVE('',#1631,#1749,#107,.T.);
#1383=EDGE_CURVE('',#1750,#1751,#1937,.T.);
#1384=EDGE_CURVE('',#1751,#1749,#108,.T.);
#1385=EDGE_CURVE('',#1752,#1748,#109,.T.);
#1386=EDGE_CURVE('',#1752,#1753,#1938,.T.);
#1387=EDGE_CURVE('',#1753,#1745,#110,.T.);
#1388=EDGE_CURVE('',#1754,#1744,#111,.T.);
#1389=EDGE_CURVE('',#1754,#1755,#1939,.T.);
#1390=EDGE_CURVE('',#1755,#1741,#112,.T.);
#1391=EDGE_CURVE('',#1756,#1740,#113,.T.);
#1392=EDGE_CURVE('',#1756,#1757,#1940,.T.);
#1393=EDGE_CURVE('',#1757,#1737,#114,.T.);
#1394=EDGE_CURVE('',#1758,#1736,#115,.T.);
#1395=EDGE_CURVE('',#1758,#1759,#1941,.T.);
#1396=EDGE_CURVE('',#1759,#1733,#116,.T.);
#1397=EDGE_CURVE('',#1760,#1732,#117,.T.);
#1398=EDGE_CURVE('',#1760,#1761,#1942,.T.);
#1399=EDGE_CURVE('',#1761,#1729,#118,.T.);
#1400=EDGE_CURVE('',#1762,#1728,#119,.T.);
#1401=EDGE_CURVE('',#1762,#1763,#1943,.T.);
#1402=EDGE_CURVE('',#1763,#1725,#120,.T.);
#1403=EDGE_CURVE('',#1764,#1724,#121,.T.);
#1404=EDGE_CURVE('',#1764,#1765,#1944,.T.);
#1405=EDGE_CURVE('',#1765,#1721,#122,.T.);
#1406=EDGE_CURVE('',#1766,#1720,#123,.T.);
#1407=EDGE_CURVE('',#1766,#1767,#1945,.T.);
#1408=EDGE_CURVE('',#1767,#1717,#124,.T.);
#1409=EDGE_CURVE('',#1768,#1716,#125,.T.);
#1410=EDGE_CURVE('',#1768,#1769,#1946,.T.);
#1411=EDGE_CURVE('',#1769,#1713,#126,.T.);
#1412=EDGE_CURVE('',#1770,#1712,#127,.T.);
#1413=EDGE_CURVE('',#1770,#1771,#1947,.T.);
#1414=EDGE_CURVE('',#1771,#1709,#128,.T.);
#1415=EDGE_CURVE('',#1772,#1708,#129,.T.);
#1416=EDGE_CURVE('',#1772,#1773,#1948,.T.);
#1417=EDGE_CURVE('',#1773,#1705,#130,.T.);
#1418=EDGE_CURVE('',#1774,#1704,#131,.T.);
#1419=EDGE_CURVE('',#1774,#1775,#1949,.T.);
#1420=EDGE_CURVE('',#1775,#1701,#132,.T.);
#1421=EDGE_CURVE('',#1776,#1700,#133,.T.);
#1422=EDGE_CURVE('',#1776,#1777,#1950,.T.);
#1423=EDGE_CURVE('',#1777,#1697,#134,.T.);
#1424=EDGE_CURVE('',#1778,#1696,#135,.T.);
#1425=EDGE_CURVE('',#1778,#1779,#1951,.T.);
#1426=EDGE_CURVE('',#1779,#1693,#136,.T.);
#1427=EDGE_CURVE('',#1780,#1692,#137,.T.);
#1428=EDGE_CURVE('',#1780,#1781,#1952,.T.);
#1429=EDGE_CURVE('',#1781,#1689,#138,.T.);
#1430=EDGE_CURVE('',#1782,#1688,#139,.T.);
#1431=EDGE_CURVE('',#1782,#1783,#1953,.T.);
#1432=EDGE_CURVE('',#1783,#1685,#140,.T.);
#1433=EDGE_CURVE('',#1784,#1684,#141,.T.);
#1434=EDGE_CURVE('',#1784,#1785,#1954,.T.);
#1435=EDGE_CURVE('',#1785,#1681,#142,.T.);
#1436=EDGE_CURVE('',#1786,#1680,#143,.T.);
#1437=EDGE_CURVE('',#1786,#1787,#1955,.T.);
#1438=EDGE_CURVE('',#1787,#1677,#144,.T.);
#1439=EDGE_CURVE('',#1788,#1676,#145,.T.);
#1440=EDGE_CURVE('',#1788,#1789,#1956,.T.);
#1441=EDGE_CURVE('',#1789,#1673,#146,.T.);
#1442=EDGE_CURVE('',#1790,#1672,#147,.T.);
#1443=EDGE_CURVE('',#1790,#1791,#1957,.T.);
#1444=EDGE_CURVE('',#1791,#1669,#148,.T.);
#1445=EDGE_CURVE('',#1792,#1668,#149,.T.);
#1446=EDGE_CURVE('',#1792,#1793,#1958,.T.);
#1447=EDGE_CURVE('',#1793,#1665,#150,.T.);
#1448=EDGE_CURVE('',#1794,#1664,#151,.T.);
#1449=EDGE_CURVE('',#1794,#1795,#1959,.T.);
#1450=EDGE_CURVE('',#1795,#1661,#152,.T.);
#1451=EDGE_CURVE('',#1796,#1660,#153,.T.);
#1452=EDGE_CURVE('',#1796,#1797,#1960,.T.);
#1453=EDGE_CURVE('',#1797,#1657,#154,.T.);
#1454=EDGE_CURVE('',#1798,#1656,#155,.T.);
#1455=EDGE_CURVE('',#1798,#1799,#1961,.T.);
#1456=EDGE_CURVE('',#1799,#1653,#156,.T.);
#1457=EDGE_CURVE('',#1800,#1652,#157,.T.);
#1458=EDGE_CURVE('',#1800,#1801,#1962,.T.);
#1459=EDGE_CURVE('',#1801,#1649,#158,.T.);
#1460=EDGE_CURVE('',#1802,#1648,#159,.T.);
#1461=EDGE_CURVE('',#1802,#1803,#1963,.T.);
#1462=EDGE_CURVE('',#1803,#1645,#160,.T.);
#1463=EDGE_CURVE('',#1804,#1644,#161,.T.);
#1464=EDGE_CURVE('',#1804,#1805,#1964,.T.);
#1465=EDGE_CURVE('',#1805,#1641,#162,.T.);
#1466=EDGE_CURVE('',#1806,#1640,#163,.T.);
#1467=EDGE_CURVE('',#1806,#1807,#1965,.T.);
#1468=EDGE_CURVE('',#1807,#1637,#164,.T.);
#1469=EDGE_CURVE('',#1808,#1636,#165,.T.);
#1470=EDGE_CURVE('',#1808,#1809,#1966,.T.);
#1471=EDGE_CURVE('',#1809,#1633,#166,.T.);
#1472=EDGE_CURVE('',#1750,#1632,#167,.T.);
#1473=EDGE_CURVE('',#1810,#1810,#1967,.T.);
#1474=EDGE_CURVE('',#1811,#1811,#1968,.T.);
#1475=EDGE_CURVE('',#1812,#1812,#12,.T.);
#1476=EDGE_CURVE('',#1813,#1813,#13,.T.);
#1477=EDGE_CURVE('',#1814,#1814,#1969,.T.);
#1478=EDGE_CURVE('',#1815,#1719,#168,.T.);
#1479=EDGE_CURVE('',#1815,#1766,#169,.T.);
#1480=EDGE_CURVE('',#1816,#1767,#170,.T.);
#1481=EDGE_CURVE('',#1816,#1718,#171,.T.);
#1482=EDGE_CURVE('',#1815,#1816,#1970,.T.);
#1483=EDGE_CURVE('',#1817,#1695,#172,.T.);
#1484=EDGE_CURVE('',#1817,#1778,#173,.T.);
#1485=EDGE_CURVE('',#1818,#1779,#174,.T.);
#1486=EDGE_CURVE('',#1818,#1694,#175,.T.);
#1487=EDGE_CURVE('',#1817,#1818,#1971,.T.);
#1488=EDGE_CURVE('',#1819,#1691,#176,.T.);
#1489=EDGE_CURVE('',#1819,#1780,#177,.T.);
#1490=EDGE_CURVE('',#1820,#1781,#178,.T.);
#1491=EDGE_CURVE('',#1820,#1690,#179,.T.);
#1492=EDGE_CURVE('',#1819,#1820,#1972,.T.);
#1493=EDGE_CURVE('',#1821,#1687,#180,.T.);
#1494=EDGE_CURVE('',#1821,#1782,#181,.T.);
#1495=EDGE_CURVE('',#1822,#1783,#182,.T.);
#1496=EDGE_CURVE('',#1822,#1686,#183,.T.);
#1497=EDGE_CURVE('',#1821,#1822,#1973,.T.);
#1498=EDGE_CURVE('',#1823,#1683,#184,.T.);
#1499=EDGE_CURVE('',#1823,#1784,#185,.T.);
#1500=EDGE_CURVE('',#1824,#1785,#186,.T.);
#1501=EDGE_CURVE('',#1824,#1682,#187,.T.);
#1502=EDGE_CURVE('',#1823,#1824,#1974,.T.);
#1503=EDGE_CURVE('',#1825,#1675,#188,.T.);
#1504=EDGE_CURVE('',#1825,#1788,#189,.T.);
#1505=EDGE_CURVE('',#1826,#1789,#190,.T.);
#1506=EDGE_CURVE('',#1826,#1674,#191,.T.);
#1507=EDGE_CURVE('',#1825,#1826,#1975,.T.);
#1508=EDGE_CURVE('',#1827,#1679,#192,.T.);
#1509=EDGE_CURVE('',#1827,#1786,#193,.T.);
#1510=EDGE_CURVE('',#1828,#1787,#194,.T.);
#1511=EDGE_CURVE('',#1828,#1678,#195,.T.);
#1512=EDGE_CURVE('',#1827,#1828,#1976,.T.);
#1513=EDGE_CURVE('',#1829,#1671,#196,.T.);
#1514=EDGE_CURVE('',#1829,#1790,#197,.T.);
#1515=EDGE_CURVE('',#1830,#1791,#198,.T.);
#1516=EDGE_CURVE('',#1830,#1670,#199,.T.);
#1517=EDGE_CURVE('',#1829,#1830,#1977,.T.);
#1518=EDGE_CURVE('',#1831,#1793,#200,.T.);
#1519=EDGE_CURVE('',#1831,#1666,#201,.T.);
#1520=EDGE_CURVE('',#1832,#1831,#1978,.T.);
#1521=EDGE_CURVE('',#1832,#1667,#202,.T.);
#1522=EDGE_CURVE('',#1832,#1792,#203,.T.);
#1523=EDGE_CURVE('',#1833,#1833,#1979,.T.);
#1524=EDGE_CURVE('',#1834,#1715,#204,.T.);
#1525=EDGE_CURVE('',#1834,#1768,#205,.T.);
#1526=EDGE_CURVE('',#1835,#1769,#206,.T.);
#1527=EDGE_CURVE('',#1835,#1714,#207,.T.);
#1528=EDGE_CURVE('',#1834,#1835,#1980,.T.);
#1529=EDGE_CURVE('',#1836,#1707,#208,.T.);
#1530=EDGE_CURVE('',#1836,#1772,#209,.T.);
#1531=EDGE_CURVE('',#1837,#1773,#210,.T.);
#1532=EDGE_CURVE('',#1837,#1706,#211,.T.);
#1533=EDGE_CURVE('',#1836,#1837,#1981,.T.);
#1534=EDGE_CURVE('',#1838,#1711,#212,.T.);
#1535=EDGE_CURVE('',#1838,#1770,#213,.T.);
#1536=EDGE_CURVE('',#1839,#1771,#214,.T.);
#1537=EDGE_CURVE('',#1839,#1710,#215,.T.);
#1538=EDGE_CURVE('',#1838,#1839,#1982,.T.);
#1539=EDGE_CURVE('',#1840,#1703,#216,.T.);
#1540=EDGE_CURVE('',#1840,#1774,#217,.T.);
#1541=EDGE_CURVE('',#1841,#1775,#218,.T.);
#1542=EDGE_CURVE('',#1841,#1702,#219,.T.);
#1543=EDGE_CURVE('',#1840,#1841,#1983,.T.);
#1544=EDGE_CURVE('',#1842,#1699,#220,.T.);
#1545=EDGE_CURVE('',#1842,#1776,#221,.T.);
#1546=EDGE_CURVE('',#1843,#1777,#222,.T.);
#1547=EDGE_CURVE('',#1843,#1698,#223,.T.);
#1548=EDGE_CURVE('',#1842,#1843,#1984,.T.);
#1549=EDGE_CURVE('',#1844,#1635,#224,.T.);
#1550=EDGE_CURVE('',#1844,#1808,#225,.T.);
#1551=EDGE_CURVE('',#1845,#1809,#226,.T.);
#1552=EDGE_CURVE('',#1845,#1634,#227,.T.);
#1553=EDGE_CURVE('',#1844,#1845,#1985,.T.);
#1554=EDGE_CURVE('',#1846,#1639,#228,.T.);
#1555=EDGE_CURVE('',#1846,#1806,#229,.T.);
#1556=EDGE_CURVE('',#1847,#1807,#230,.T.);
#1557=EDGE_CURVE('',#1847,#1638,#231,.T.);
#1558=EDGE_CURVE('',#1846,#1847,#1986,.T.);
#1559=EDGE_CURVE('',#1848,#1643,#232,.T.);
#1560=EDGE_CURVE('',#1848,#1804,#233,.T.);
#1561=EDGE_CURVE('',#1849,#1805,#234,.T.);
#1562=EDGE_CURVE('',#1849,#1642,#235,.T.);
#1563=EDGE_CURVE('',#1848,#1849,#1987,.T.);
#1564=EDGE_CURVE('',#1850,#1647,#236,.T.);
#1565=EDGE_CURVE('',#1850,#1802,#237,.T.);
#1566=EDGE_CURVE('',#1851,#1803,#238,.T.);
#1567=EDGE_CURVE('',#1851,#1646,#239,.T.);
#1568=EDGE_CURVE('',#1850,#1851,#1988,.T.);
#1569=EDGE_CURVE('',#1852,#1655,#240,.T.);
#1570=EDGE_CURVE('',#1852,#1798,#241,.T.);
#1571=EDGE_CURVE('',#1853,#1799,#242,.T.);
#1572=EDGE_CURVE('',#1853,#1654,#243,.T.);
#1573=EDGE_CURVE('',#1852,#1853,#1989,.T.);
#1574=EDGE_CURVE('',#1854,#1651,#244,.T.);
#1575=EDGE_CURVE('',#1854,#1800,#245,.T.);
#1576=EDGE_CURVE('',#1855,#1801,#246,.T.);
#1577=EDGE_CURVE('',#1855,#1650,#247,.T.);
#1578=EDGE_CURVE('',#1854,#1855,#1990,.T.);
#1579=EDGE_CURVE('',#1856,#1659,#248,.T.);
#1580=EDGE_CURVE('',#1856,#1796,#249,.T.);
#1581=EDGE_CURVE('',#1857,#1797,#250,.T.);
#1582=EDGE_CURVE('',#1857,#1658,#251,.T.);
#1583=EDGE_CURVE('',#1856,#1857,#1991,.T.);
#1584=EDGE_CURVE('',#1858,#1663,#252,.T.);
#1585=EDGE_CURVE('',#1858,#1794,#253,.T.);
#1586=EDGE_CURVE('',#1859,#1795,#254,.T.);
#1587=EDGE_CURVE('',#1859,#1662,#255,.T.);
#1588=EDGE_CURVE('',#1858,#1859,#1992,.T.);
#1589=EDGE_CURVE('',#1860,#1723,#256,.T.);
#1590=EDGE_CURVE('',#1860,#1764,#257,.T.);
#1591=EDGE_CURVE('',#1861,#1765,#258,.T.);
#1592=EDGE_CURVE('',#1861,#1722,#259,.T.);
#1593=EDGE_CURVE('',#1860,#1861,#1993,.T.);
#1594=EDGE_CURVE('',#1862,#1727,#260,.T.);
#1595=EDGE_CURVE('',#1862,#1762,#261,.T.);
#1596=EDGE_CURVE('',#1863,#1763,#262,.T.);
#1597=EDGE_CURVE('',#1863,#1726,#263,.T.);
#1598=EDGE_CURVE('',#1862,#1863,#1994,.T.);
#1599=EDGE_CURVE('',#1864,#1731,#264,.T.);
#1600=EDGE_CURVE('',#1864,#1760,#265,.T.);
#1601=EDGE_CURVE('',#1865,#1761,#266,.T.);
#1602=EDGE_CURVE('',#1865,#1730,#267,.T.);
#1603=EDGE_CURVE('',#1864,#1865,#1995,.T.);
#1604=EDGE_CURVE('',#1866,#1735,#268,.T.);
#1605=EDGE_CURVE('',#1866,#1758,#269,.T.);
#1606=EDGE_CURVE('',#1867,#1759,#270,.T.);
#1607=EDGE_CURVE('',#1867,#1734,#271,.T.);
#1608=EDGE_CURVE('',#1866,#1867,#1996,.T.);
#1609=EDGE_CURVE('',#1868,#1743,#272,.T.);
#1610=EDGE_CURVE('',#1868,#1754,#273,.T.);
#1611=EDGE_CURVE('',#1869,#1755,#274,.T.);
#1612=EDGE_CURVE('',#1869,#1742,#275,.T.);
#1613=EDGE_CURVE('',#1868,#1869,#1997,.T.);
#1614=EDGE_CURVE('',#1870,#1739,#276,.T.);
#1615=EDGE_CURVE('',#1870,#1756,#277,.T.);
#1616=EDGE_CURVE('',#1871,#1757,#278,.T.);
#1617=EDGE_CURVE('',#1871,#1738,#279,.T.);
#1618=EDGE_CURVE('',#1870,#1871,#1998,.T.);
#1619=EDGE_CURVE('',#1872,#1747,#280,.T.);
#1620=EDGE_CURVE('',#1872,#1752,#281,.T.);
#1621=EDGE_CURVE('',#1873,#1753,#282,.T.);
#1622=EDGE_CURVE('',#1873,#1746,#283,.T.);
#1623=EDGE_CURVE('',#1872,#1873,#1999,.T.);
#1624=EDGE_CURVE('',#1874,#1630,#284,.T.);
#1625=EDGE_CURVE('',#1874,#1750,#285,.T.);
#1626=EDGE_CURVE('',#1875,#1751,#286,.T.);
#1627=EDGE_CURVE('',#1875,#1631,#287,.T.);
#1628=EDGE_CURVE('',#1874,#1875,#2000,.T.);
#1629=VERTEX_POINT('',#3512);
#1630=VERTEX_POINT('',#3514);
#1631=VERTEX_POINT('',#3515);
#1632=VERTEX_POINT('',#3517);
#1633=VERTEX_POINT('',#3519);
#1634=VERTEX_POINT('',#3521);
#1635=VERTEX_POINT('',#3523);
#1636=VERTEX_POINT('',#3525);
#1637=VERTEX_POINT('',#3527);
#1638=VERTEX_POINT('',#3529);
#1639=VERTEX_POINT('',#3531);
#1640=VERTEX_POINT('',#3533);
#1641=VERTEX_POINT('',#3535);
#1642=VERTEX_POINT('',#3537);
#1643=VERTEX_POINT('',#3539);
#1644=VERTEX_POINT('',#3541);
#1645=VERTEX_POINT('',#3543);
#1646=VERTEX_POINT('',#3545);
#1647=VERTEX_POINT('',#3547);
#1648=VERTEX_POINT('',#3549);
#1649=VERTEX_POINT('',#3551);
#1650=VERTEX_POINT('',#3553);
#1651=VERTEX_POINT('',#3555);
#1652=VERTEX_POINT('',#3557);
#1653=VERTEX_POINT('',#3559);
#1654=VERTEX_POINT('',#3561);
#1655=VERTEX_POINT('',#3563);
#1656=VERTEX_POINT('',#3565);
#1657=VERTEX_POINT('',#3567);
#1658=VERTEX_POINT('',#3569);
#1659=VERTEX_POINT('',#3571);
#1660=VERTEX_POINT('',#3573);
#1661=VERTEX_POINT('',#3575);
#1662=VERTEX_POINT('',#3577);
#1663=VERTEX_POINT('',#3579);
#1664=VERTEX_POINT('',#3581);
#1665=VERTEX_POINT('',#3583);
#1666=VERTEX_POINT('',#3585);
#1667=VERTEX_POINT('',#3587);
#1668=VERTEX_POINT('',#3589);
#1669=VERTEX_POINT('',#3591);
#1670=VERTEX_POINT('',#3593);
#1671=VERTEX_POINT('',#3595);
#1672=VERTEX_POINT('',#3597);
#1673=VERTEX_POINT('',#3599);
#1674=VERTEX_POINT('',#3601);
#1675=VERTEX_POINT('',#3603);
#1676=VERTEX_POINT('',#3605);
#1677=VERTEX_POINT('',#3607);
#1678=VERTEX_POINT('',#3609);
#1679=VERTEX_POINT('',#3611);
#1680=VERTEX_POINT('',#3613);
#1681=VERTEX_POINT('',#3615);
#1682=VERTEX_POINT('',#3617);
#1683=VERTEX_POINT('',#3619);
#1684=VERTEX_POINT('',#3621);
#1685=VERTEX_POINT('',#3623);
#1686=VERTEX_POINT('',#3625);
#1687=VERTEX_POINT('',#3627);
#1688=VERTEX_POINT('',#3629);
#1689=VERTEX_POINT('',#3631);
#1690=VERTEX_POINT('',#3633);
#1691=VERTEX_POINT('',#3635);
#1692=VERTEX_POINT('',#3637);
#1693=VERTEX_POINT('',#3639);
#1694=VERTEX_POINT('',#3641);
#1695=VERTEX_POINT('',#3643);
#1696=VERTEX_POINT('',#3645);
#1697=VERTEX_POINT('',#3647);
#1698=VERTEX_POINT('',#3649);
#1699=VERTEX_POINT('',#3651);
#1700=VERTEX_POINT('',#3653);
#1701=VERTEX_POINT('',#3655);
#1702=VERTEX_POINT('',#3657);
#1703=VERTEX_POINT('',#3659);
#1704=VERTEX_POINT('',#3661);
#1705=VERTEX_POINT('',#3663);
#1706=VERTEX_POINT('',#3665);
#1707=VERTEX_POINT('',#3667);
#1708=VERTEX_POINT('',#3669);
#1709=VERTEX_POINT('',#3671);
#1710=VERTEX_POINT('',#3673);
#1711=VERTEX_POINT('',#3675);
#1712=VERTEX_POINT('',#3677);
#1713=VERTEX_POINT('',#3679);
#1714=VERTEX_POINT('',#3681);
#1715=VERTEX_POINT('',#3683);
#1716=VERTEX_POINT('',#3685);
#1717=VERTEX_POINT('',#3687);
#1718=VERTEX_POINT('',#3689);
#1719=VERTEX_POINT('',#3691);
#1720=VERTEX_POINT('',#3693);
#1721=VERTEX_POINT('',#3695);
#1722=VERTEX_POINT('',#3697);
#1723=VERTEX_POINT('',#3699);
#1724=VERTEX_POINT('',#3701);
#1725=VERTEX_POINT('',#3703);
#1726=VERTEX_POINT('',#3705);
#1727=VERTEX_POINT('',#3707);
#1728=VERTEX_POINT('',#3709);
#1729=VERTEX_POINT('',#3711);
#1730=VERTEX_POINT('',#3713);
#1731=VERTEX_POINT('',#3715);
#1732=VERTEX_POINT('',#3717);
#1733=VERTEX_POINT('',#3719);
#1734=VERTEX_POINT('',#3721);
#1735=VERTEX_POINT('',#3723);
#1736=VERTEX_POINT('',#3725);
#1737=VERTEX_POINT('',#3727);
#1738=VERTEX_POINT('',#3729);
#1739=VERTEX_POINT('',#3731);
#1740=VERTEX_POINT('',#3733);
#1741=VERTEX_POINT('',#3735);
#1742=VERTEX_POINT('',#3737);
#1743=VERTEX_POINT('',#3739);
#1744=VERTEX_POINT('',#3741);
#1745=VERTEX_POINT('',#3743);
#1746=VERTEX_POINT('',#3745);
#1747=VERTEX_POINT('',#3747);
#1748=VERTEX_POINT('',#3749);
#1749=VERTEX_POINT('',#3751);
#1750=VERTEX_POINT('',#3755);
#1751=VERTEX_POINT('',#3756);
#1752=VERTEX_POINT('',#3759);
#1753=VERTEX_POINT('',#3761);
#1754=VERTEX_POINT('',#3764);
#1755=VERTEX_POINT('',#3766);
#1756=VERTEX_POINT('',#3769);
#1757=VERTEX_POINT('',#3771);
#1758=VERTEX_POINT('',#3774);
#1759=VERTEX_POINT('',#3776);
#1760=VERTEX_POINT('',#3779);
#1761=VERTEX_POINT('',#3781);
#1762=VERTEX_POINT('',#3784);
#1763=VERTEX_POINT('',#3786);
#1764=VERTEX_POINT('',#3789);
#1765=VERTEX_POINT('',#3791);
#1766=VERTEX_POINT('',#3794);
#1767=VERTEX_POINT('',#3796);
#1768=VERTEX_POINT('',#3799);
#1769=VERTEX_POINT('',#3801);
#1770=VERTEX_POINT('',#3804);
#1771=VERTEX_POINT('',#3806);
#1772=VERTEX_POINT('',#3809);
#1773=VERTEX_POINT('',#3811);
#1774=VERTEX_POINT('',#3814);
#1775=VERTEX_POINT('',#3816);
#1776=VERTEX_POINT('',#3819);
#1777=VERTEX_POINT('',#3821);
#1778=VERTEX_POINT('',#3824);
#1779=VERTEX_POINT('',#3826);
#1780=VERTEX_POINT('',#3829);
#1781=VERTEX_POINT('',#3831);
#1782=VERTEX_POINT('',#3834);
#1783=VERTEX_POINT('',#3836);
#1784=VERTEX_POINT('',#3839);
#1785=VERTEX_POINT('',#3841);
#1786=VERTEX_POINT('',#3844);
#1787=VERTEX_POINT('',#3846);
#1788=VERTEX_POINT('',#3849);
#1789=VERTEX_POINT('',#3851);
#1790=VERTEX_POINT('',#3854);
#1791=VERTEX_POINT('',#3856);
#1792=VERTEX_POINT('',#3859);
#1793=VERTEX_POINT('',#3861);
#1794=VERTEX_POINT('',#3864);
#1795=VERTEX_POINT('',#3866);
#1796=VERTEX_POINT('',#3869);
#1797=VERTEX_POINT('',#3871);
#1798=VERTEX_POINT('',#3874);
#1799=VERTEX_POINT('',#3876);
#1800=VERTEX_POINT('',#3879);
#1801=VERTEX_POINT('',#3881);
#1802=VERTEX_POINT('',#3884);
#1803=VERTEX_POINT('',#3886);
#1804=VERTEX_POINT('',#3889);
#1805=VERTEX_POINT('',#3891);
#1806=VERTEX_POINT('',#3894);
#1807=VERTEX_POINT('',#3896);
#1808=VERTEX_POINT('',#3899);
#1809=VERTEX_POINT('',#3901);
#1810=VERTEX_POINT('',#3905);
#1811=VERTEX_POINT('',#3908);
#1812=VERTEX_POINT('',#3921);
#1813=VERTEX_POINT('',#3933);
#1814=VERTEX_POINT('',#3935);
#1815=VERTEX_POINT('',#3940);
#1816=VERTEX_POINT('',#3944);
#1817=VERTEX_POINT('',#3951);
#1818=VERTEX_POINT('',#3955);
#1819=VERTEX_POINT('',#3962);
#1820=VERTEX_POINT('',#3966);
#1821=VERTEX_POINT('',#3973);
#1822=VERTEX_POINT('',#3977);
#1823=VERTEX_POINT('',#3984);
#1824=VERTEX_POINT('',#3988);
#1825=VERTEX_POINT('',#3995);
#1826=VERTEX_POINT('',#3999);
#1827=VERTEX_POINT('',#4006);
#1828=VERTEX_POINT('',#4010);
#1829=VERTEX_POINT('',#4017);
#1830=VERTEX_POINT('',#4021);
#1831=VERTEX_POINT('',#4028);
#1832=VERTEX_POINT('',#4032);
#1833=VERTEX_POINT('',#4039);
#1834=VERTEX_POINT('',#4043);
#1835=VERTEX_POINT('',#4047);
#1836=VERTEX_POINT('',#4054);
#1837=VERTEX_POINT('',#4058);
#1838=VERTEX_POINT('',#4065);
#1839=VERTEX_POINT('',#4069);
#1840=VERTEX_POINT('',#4076);
#1841=VERTEX_POINT('',#4080);
#1842=VERTEX_POINT('',#4087);
#1843=VERTEX_POINT('',#4091);
#1844=VERTEX_POINT('',#4098);
#1845=VERTEX_POINT('',#4102);
#1846=VERTEX_POINT('',#4109);
#1847=VERTEX_POINT('',#4113);
#1848=VERTEX_POINT('',#4120);
#1849=VERTEX_POINT('',#4124);
#1850=VERTEX_POINT('',#4131);
#1851=VERTEX_POINT('',#4135);
#1852=VERTEX_POINT('',#4142);
#1853=VERTEX_POINT('',#4146);
#1854=VERTEX_POINT('',#4153);
#1855=VERTEX_POINT('',#4157);
#1856=VERTEX_POINT('',#4164);
#1857=VERTEX_POINT('',#4168);
#1858=VERTEX_POINT('',#4175);
#1859=VERTEX_POINT('',#4179);
#1860=VERTEX_POINT('',#4186);
#1861=VERTEX_POINT('',#4190);
#1862=VERTEX_POINT('',#4197);
#1863=VERTEX_POINT('',#4201);
#1864=VERTEX_POINT('',#4208);
#1865=VERTEX_POINT('',#4212);
#1866=VERTEX_POINT('',#4219);
#1867=VERTEX_POINT('',#4223);
#1868=VERTEX_POINT('',#4230);
#1869=VERTEX_POINT('',#4234);
#1870=VERTEX_POINT('',#4241);
#1871=VERTEX_POINT('',#4245);
#1872=VERTEX_POINT('',#4252);
#1873=VERTEX_POINT('',#4256);
#1874=VERTEX_POINT('',#4263);
#1875=VERTEX_POINT('',#4267);
#1876=CIRCLE('',#2509,0.002);
#1877=CIRCLE('',#2510,0.00410000000000917);
#1878=CIRCLE('',#2511,0.00500000000000011);
#1879=CIRCLE('',#2512,0.00409999999999831);
#1880=CIRCLE('',#2513,0.00500000000000011);
#1881=CIRCLE('',#2514,0.00410000000000917);
#1882=CIRCLE('',#2515,0.00500000000000011);
#1883=CIRCLE('',#2516,0.00410000000001073);
#1884=CIRCLE('',#2517,0.00500000000000011);
#1885=CIRCLE('',#2518,0.00410000000001036);
#1886=CIRCLE('',#2519,0.00500000000000011);
#1887=CIRCLE('',#2520,0.00410000000000824);
#1888=CIRCLE('',#2521,0.00500000000000011);
#1889=CIRCLE('',#2522,0.00410000000000793);
#1890=CIRCLE('',#2523,0.00500000000000011);
#1891=CIRCLE('',#2524,0.00410000000000431);
#1892=CIRCLE('',#2525,0.00500000000000011);
#1893=CIRCLE('',#2526,0.00410000000002219);
#1894=CIRCLE('',#2527,0.00500000000000011);
#1895=CIRCLE('',#2528,0.00410000000002219);
#1896=CIRCLE('',#2529,0.00500000000000011);
#1897=CIRCLE('',#2530,0.0041000000000042);
#1898=CIRCLE('',#2531,0.00500000000000011);
#1899=CIRCLE('',#2532,0.00410000000000426);
#1900=CIRCLE('',#2533,0.00500000000000011);
#1901=CIRCLE('',#2534,0.00410000000000563);
#1902=CIRCLE('',#2535,0.00500000000000011);
#1903=CIRCLE('',#2536,0.00410000000001254);
#1904=CIRCLE('',#2537,0.00500000000000011);
#1905=CIRCLE('',#2538,0.00410000000001075);
#1906=CIRCLE('',#2539,0.00500000000000011);
#1907=CIRCLE('',#2540,0.00410000000000919);
#1908=CIRCLE('',#2541,0.00500000000000011);
#1909=CIRCLE('',#2542,0.00409999999999831);
#1910=CIRCLE('',#2543,0.00500000000000011);
#1911=CIRCLE('',#2544,0.00410000000000918);
#1912=CIRCLE('',#2545,0.00500000000000011);
#1913=CIRCLE('',#2546,0.00410000000001073);
#1914=CIRCLE('',#2547,0.00500000000000011);
#1915=CIRCLE('',#2548,0.00410000000001254);
#1916=CIRCLE('',#2549,0.00500000000000011);
#1917=CIRCLE('',#2550,0.00410000000000521);
#1918=CIRCLE('',#2551,0.00500000000000011);
#1919=CIRCLE('',#2552,0.0041000000000083);
#1920=CIRCLE('',#2553,0.00500000000000011);
#1921=CIRCLE('',#2554,0.0041000000000042);
#1922=CIRCLE('',#2555,0.00500000000000011);
#1923=CIRCLE('',#2556,0.00410000000002218);
#1924=CIRCLE('',#2557,0.00500000000000011);
#1925=CIRCLE('',#2558,0.00410000000002219);
#1926=CIRCLE('',#2559,0.00500000000000011);
#1927=CIRCLE('',#2560,0.0041000000000042);
#1928=CIRCLE('',#2561,0.00500000000000011);
#1929=CIRCLE('',#2562,0.00410000000000968);
#1930=CIRCLE('',#2563,0.00500000000000011);
#1931=CIRCLE('',#2564,0.0041000000000054);
#1932=CIRCLE('',#2565,0.00500000000000011);
#1933=CIRCLE('',#2566,0.00410000000001256);
#1934=CIRCLE('',#2567,0.00500000000000011);
#1935=CIRCLE('',#2568,0.00410000000000706);
#1936=CIRCLE('',#2569,0.00500000000000011);
#1937=CIRCLE('',#2571,0.005);
#1938=CIRCLE('',#2572,0.0049999999999999);
#1939=CIRCLE('',#2573,0.00499999999999986);
#1940=CIRCLE('',#2574,0.00499999999999985);
#1941=CIRCLE('',#2575,0.00499999999999978);
#1942=CIRCLE('',#2576,0.00500000000000006);
#1943=CIRCLE('',#2577,0.00499999999999985);
#1944=CIRCLE('',#2578,0.005);
#1945=CIRCLE('',#2579,0.005);
#1946=CIRCLE('',#2580,0.00499999999999985);
#1947=CIRCLE('',#2581,0.00499999999999984);
#1948=CIRCLE('',#2582,0.00499999999999989);
#1949=CIRCLE('',#2583,0.00499999999999994);
#1950=CIRCLE('',#2584,0.00499999999999984);
#1951=CIRCLE('',#2585,0.00500000000000008);
#1952=CIRCLE('',#2586,0.0049999999999999);
#1953=CIRCLE('',#2587,0.00499999999999986);
#1954=CIRCLE('',#2588,0.00499999999999978);
#1955=CIRCLE('',#2589,0.00499999999999988);
#1956=CIRCLE('',#2590,0.00499999999999989);
#1957=CIRCLE('',#2591,0.00500000000000006);
#1958=CIRCLE('',#2592,0.00499999999999982);
#1959=CIRCLE('',#2593,0.005);
#1960=CIRCLE('',#2594,0.00500000000000006);
#1961=CIRCLE('',#2595,0.00499999999999982);
#1962=CIRCLE('',#2596,0.00499999999999984);
#1963=CIRCLE('',#2597,0.00499999999999981);
#1964=CIRCLE('',#2598,0.00500000000000007);
#1965=CIRCLE('',#2599,0.005);
#1966=CIRCLE('',#2600,0.00499999999999986);
#1967=CIRCLE('',#2601,0.00500000000000011);
#1968=CIRCLE('',#2603,0.00400000000000006);
#1969=CIRCLE('',#2605,0.00400000000000006);
#1970=CIRCLE('',#2611,0.0041000000000042);
#1971=CIRCLE('',#2616,0.00409999999999831);
#1972=CIRCLE('',#2621,0.00410000000000919);
#1973=CIRCLE('',#2626,0.00410000000001075);
#1974=CIRCLE('',#2631,0.00410000000001254);
#1975=CIRCLE('',#2636,0.00410000000000426);
#1976=CIRCLE('',#2641,0.00410000000000563);
#1977=CIRCLE('',#2646,0.0041000000000042);
#1978=CIRCLE('',#2650,0.00410000000002219);
#1979=CIRCLE('',#2654,0.002);
#1980=CIRCLE('',#2659,0.0041000000000083);
#1981=CIRCLE('',#2664,0.00410000000001254);
#1982=CIRCLE('',#2669,0.00410000000000521);
#1983=CIRCLE('',#2674,0.00410000000001073);
#1984=CIRCLE('',#2679,0.00410000000000918);
#1985=CIRCLE('',#2684,0.00409999999999831);
#1986=CIRCLE('',#2689,0.00410000000000917);
#1987=CIRCLE('',#2694,0.00410000000001073);
#1988=CIRCLE('',#2699,0.00410000000001036);
#1989=CIRCLE('',#2704,0.00410000000000793);
#1990=CIRCLE('',#2709,0.00410000000000824);
#1991=CIRCLE('',#2714,0.00410000000000431);
#1992=CIRCLE('',#2719,0.00410000000002219);
#1993=CIRCLE('',#2724,0.00410000000002218);
#1994=CIRCLE('',#2729,0.00410000000002219);
#1995=CIRCLE('',#2734,0.0041000000000042);
#1996=CIRCLE('',#2739,0.00410000000000968);
#1997=CIRCLE('',#2744,0.00410000000001256);
#1998=CIRCLE('',#2749,0.0041000000000054);
#1999=CIRCLE('',#2754,0.00410000000000706);
#2000=CIRCLE('',#2759,0.00410000000000917);
#2001=EDGE_LOOP('',(#528));
#2002=EDGE_LOOP('',(#529,#530,#531,#532,#533,#534,#535,#536,#537,#538,#539,
#540,#541,#542,#543,#544,#545,#546,#547,#548,#549,#550,#551,#552,#553,#554,
#555,#556,#557,#558,#559,#560,#561,#562,#563,#564,#565,#566,#567,#568,#569,
#570,#571,#572,#573,#574,#575,#576,#577,#578,#579,#580,#581,#582,#583,#584,
#585,#586,#587,#588,#589,#590,#591,#592,#593,#594,#595,#596,#597,#598,#599,
#600,#601,#602,#603,#604,#605,#606,#607,#608,#609,#610,#611,#612,#613,#614,
#615,#616,#617,#618,#619,#620,#621,#622,#623,#624,#625,#626,#627,#628,#629,
#630,#631,#632,#633,#634,#635,#636,#637,#638,#639,#640,#641,#642,#643,#644,
#645,#646,#647,#648));
#2003=EDGE_LOOP('',(#649,#650,#651,#652,#653,#654,#655,#656,#657,#658,#659,
#660,#661,#662,#663,#664,#665,#666,#667,#668,#669,#670,#671,#672,#673,#674,
#675,#676,#677,#678,#679,#680,#681,#682,#683,#684,#685,#686,#687,#688,#689,
#690,#691,#692,#693,#694,#695,#696,#697,#698,#699,#700,#701,#702,#703,#704,
#705,#706,#707,#708,#709,#710,#711,#712,#713,#714,#715,#716,#717,#718,#719,
#720,#721,#722,#723,#724,#725,#726,#727,#728,#729,#730,#731,#732,#733,#734,
#735,#736,#737,#738,#739,#740,#741,#742,#743,#744,#745,#746,#747,#748,#749,
#750,#751,#752,#753,#754,#755,#756,#757,#758,#759,#760,#761,#762,#763,#764,
#765,#766,#767,#768));
#2004=EDGE_LOOP('',(#769));
#2005=EDGE_LOOP('',(#770));
#2006=EDGE_LOOP('',(#771));
#2007=EDGE_LOOP('',(#772));
#2008=EDGE_LOOP('',(#773));
#2009=EDGE_LOOP('',(#774));
#2010=EDGE_LOOP('',(#775));
#2011=EDGE_LOOP('',(#776));
#2012=EDGE_LOOP('',(#777));
#2013=EDGE_LOOP('',(#778));
#2014=EDGE_LOOP('',(#779,#780,#781,#782));
#2015=EDGE_LOOP('',(#783,#784,#785,#786));
#2016=EDGE_LOOP('',(#787,#788,#789,#790));
#2017=EDGE_LOOP('',(#791,#792,#793,#794));
#2018=EDGE_LOOP('',(#795,#796,#797,#798));
#2019=EDGE_LOOP('',(#799,#800,#801,#802));
#2020=EDGE_LOOP('',(#803,#804,#805,#806));
#2021=EDGE_LOOP('',(#807,#808,#809,#810));
#2022=EDGE_LOOP('',(#811,#812,#813,#814));
#2023=EDGE_LOOP('',(#815,#816,#817,#818));
#2024=EDGE_LOOP('',(#819,#820,#821,#822));
#2025=EDGE_LOOP('',(#823,#824,#825,#826));
#2026=EDGE_LOOP('',(#827,#828,#829,#830));
#2027=EDGE_LOOP('',(#831,#832,#833,#834));
#2028=EDGE_LOOP('',(#835,#836,#837,#838));
#2029=EDGE_LOOP('',(#839,#840,#841,#842));
#2030=EDGE_LOOP('',(#843,#844,#845,#846));
#2031=EDGE_LOOP('',(#847,#848,#849,#850));
#2032=EDGE_LOOP('',(#851,#852,#853,#854));
#2033=EDGE_LOOP('',(#855,#856,#857,#858));
#2034=EDGE_LOOP('',(#859,#860,#861,#862));
#2035=EDGE_LOOP('',(#863,#864,#865,#866));
#2036=EDGE_LOOP('',(#867,#868,#869,#870));
#2037=EDGE_LOOP('',(#871,#872,#873,#874));
#2038=EDGE_LOOP('',(#875,#876,#877,#878));
#2039=EDGE_LOOP('',(#879,#880,#881,#882));
#2040=EDGE_LOOP('',(#883,#884,#885,#886));
#2041=EDGE_LOOP('',(#887,#888,#889,#890));
#2042=EDGE_LOOP('',(#891,#892,#893,#894));
#2043=EDGE_LOOP('',(#895,#896,#897,#898));
#2044=EDGE_LOOP('',(#899,#900,#901,#902));
#2045=EDGE_LOOP('',(#903,#904,#905,#906));
#2046=EDGE_LOOP('',(#907,#908,#909,#910));
#2047=EDGE_LOOP('',(#911,#912,#913,#914));
#2048=EDGE_LOOP('',(#915,#916,#917,#918));
#2049=EDGE_LOOP('',(#919,#920,#921,#922));
#2050=EDGE_LOOP('',(#923));
#2051=EDGE_LOOP('',(#924));
#2052=EDGE_LOOP('',(#925));
#2053=EDGE_LOOP('',(#926,#927,#928,#929));
#2054=EDGE_LOOP('',(#930,#931,#932,#933));
#2055=EDGE_LOOP('',(#934,#935,#936,#937));
#2056=EDGE_LOOP('',(#938,#939,#940,#941));
#2057=EDGE_LOOP('',(#942,#943,#944,#945));
#2058=EDGE_LOOP('',(#946,#947,#948,#949));
#2059=EDGE_LOOP('',(#950,#951,#952,#953));
#2060=EDGE_LOOP('',(#954,#955,#956,#957));
#2061=EDGE_LOOP('',(#958,#959,#960,#961));
#2062=EDGE_LOOP('',(#962,#963,#964,#965));
#2063=EDGE_LOOP('',(#966,#967,#968,#969));
#2064=EDGE_LOOP('',(#970,#971,#972,#973));
#2065=EDGE_LOOP('',(#974,#975,#976,#977));
#2066=EDGE_LOOP('',(#978,#979,#980,#981));
#2067=EDGE_LOOP('',(#982,#983,#984,#985));
#2068=EDGE_LOOP('',(#986,#987,#988,#989));
#2069=EDGE_LOOP('',(#990,#991,#992,#993));
#2070=EDGE_LOOP('',(#994,#995,#996,#997));
#2071=EDGE_LOOP('',(#998,#999,#1000,#1001));
#2072=EDGE_LOOP('',(#1002,#1003,#1004,#1005));
#2073=EDGE_LOOP('',(#1006,#1007,#1008,#1009));
#2074=EDGE_LOOP('',(#1010,#1011,#1012,#1013));
#2075=EDGE_LOOP('',(#1014,#1015,#1016,#1017));
#2076=EDGE_LOOP('',(#1018,#1019,#1020,#1021));
#2077=EDGE_LOOP('',(#1022,#1023,#1024,#1025));
#2078=EDGE_LOOP('',(#1026,#1027,#1028,#1029));
#2079=EDGE_LOOP('',(#1030,#1031,#1032,#1033));
#2080=EDGE_LOOP('',(#1034,#1035,#1036,#1037));
#2081=EDGE_LOOP('',(#1038,#1039,#1040,#1041));
#2082=EDGE_LOOP('',(#1042,#1043,#1044,#1045));
#2083=EDGE_LOOP('',(#1046,#1047,#1048,#1049));
#2084=EDGE_LOOP('',(#1050,#1051,#1052,#1053));
#2085=EDGE_LOOP('',(#1054,#1055,#1056,#1057));
#2086=EDGE_LOOP('',(#1058,#1059,#1060,#1061));
#2087=EDGE_LOOP('',(#1062,#1063,#1064,#1065));
#2088=EDGE_LOOP('',(#1066,#1067,#1068,#1069));
#2089=EDGE_LOOP('',(#1070,#1071,#1072,#1073));
#2090=EDGE_LOOP('',(#1074,#1075,#1076,#1077));
#2091=EDGE_LOOP('',(#1078,#1079,#1080,#1081));
#2092=EDGE_LOOP('',(#1082,#1083,#1084,#1085));
#2093=EDGE_LOOP('',(#1086,#1087,#1088,#1089));
#2094=EDGE_LOOP('',(#1090,#1091,#1092,#1093));
#2095=EDGE_LOOP('',(#1094,#1095,#1096,#1097));
#2096=EDGE_LOOP('',(#1098,#1099,#1100,#1101));
#2097=EDGE_LOOP('',(#1102,#1103,#1104,#1105));
#2098=EDGE_LOOP('',(#1106,#1107,#1108,#1109));
#2099=EDGE_LOOP('',(#1110,#1111,#1112,#1113));
#2100=EDGE_LOOP('',(#1114,#1115,#1116,#1117));
#2101=EDGE_LOOP('',(#1118,#1119,#1120,#1121));
#2102=EDGE_LOOP('',(#1122,#1123,#1124,#1125));
#2103=EDGE_LOOP('',(#1126,#1127,#1128,#1129));
#2104=EDGE_LOOP('',(#1130,#1131,#1132,#1133));
#2105=EDGE_LOOP('',(#1134,#1135,#1136,#1137));
#2106=EDGE_LOOP('',(#1138,#1139,#1140,#1141));
#2107=EDGE_LOOP('',(#1142,#1143,#1144,#1145));
#2108=EDGE_LOOP('',(#1146,#1147,#1148,#1149));
#2109=EDGE_LOOP('',(#1150,#1151,#1152,#1153));
#2110=EDGE_LOOP('',(#1154,#1155,#1156,#1157));
#2111=EDGE_LOOP('',(#1158,#1159,#1160,#1161));
#2112=EDGE_LOOP('',(#1162,#1163,#1164,#1165));
#2113=EDGE_LOOP('',(#1166,#1167,#1168,#1169));
#2114=EDGE_LOOP('',(#1170,#1171,#1172,#1173));
#2115=EDGE_LOOP('',(#1174,#1175,#1176,#1177));
#2116=EDGE_LOOP('',(#1178,#1179,#1180,#1181));
#2117=EDGE_LOOP('',(#1182,#1183,#1184,#1185));
#2118=EDGE_LOOP('',(#1186,#1187,#1188,#1189));
#2119=EDGE_LOOP('',(#1190,#1191,#1192,#1193));
#2120=EDGE_LOOP('',(#1194,#1195,#1196,#1197));
#2121=EDGE_LOOP('',(#1198,#1199,#1200,#1201));
#2122=EDGE_LOOP('',(#1202,#1203,#1204,#1205));
#2123=EDGE_LOOP('',(#1206,#1207,#1208,#1209));
#2124=EDGE_LOOP('',(#1210,#1211,#1212,#1213));
#2125=EDGE_LOOP('',(#1214,#1215,#1216,#1217));
#2126=EDGE_LOOP('',(#1218,#1219,#1220,#1221));
#2127=EDGE_LOOP('',(#1222,#1223,#1224,#1225));
#2128=EDGE_LOOP('',(#1226,#1227,#1228,#1229));
#2129=EDGE_LOOP('',(#1230,#1231,#1232,#1233));
#2130=EDGE_LOOP('',(#1234,#1235,#1236,#1237));
#2131=EDGE_LOOP('',(#1238,#1239,#1240,#1241));
#2132=EDGE_LOOP('',(#1242,#1243,#1244,#1245));
#2133=EDGE_LOOP('',(#1246,#1247,#1248,#1249));
#2134=EDGE_LOOP('',(#1250,#1251,#1252,#1253));
#2135=EDGE_LOOP('',(#1254,#1255,#1256,#1257));
#2136=EDGE_LOOP('',(#1258,#1259,#1260,#1261));
#2137=FACE_BOUND('',#2001,.T.);
#2138=FACE_BOUND('',#2002,.T.);
#2139=FACE_BOUND('',#2003,.T.);
#2140=FACE_BOUND('',#2004,.T.);
#2141=FACE_BOUND('',#2005,.T.);
#2142=FACE_BOUND('',#2006,.T.);
#2143=FACE_BOUND('',#2007,.T.);
#2144=FACE_BOUND('',#2008,.T.);
#2145=FACE_BOUND('',#2009,.T.);
#2146=FACE_BOUND('',#2010,.T.);
#2147=FACE_BOUND('',#2011,.T.);
#2148=FACE_BOUND('',#2012,.T.);
#2149=FACE_BOUND('',#2013,.T.);
#2150=FACE_BOUND('',#2014,.T.);
#2151=FACE_BOUND('',#2015,.T.);
#2152=FACE_BOUND('',#2016,.T.);
#2153=FACE_BOUND('',#2017,.T.);
#2154=FACE_BOUND('',#2018,.T.);
#2155=FACE_BOUND('',#2019,.T.);
#2156=FACE_BOUND('',#2020,.T.);
#2157=FACE_BOUND('',#2021,.T.);
#2158=FACE_BOUND('',#2022,.T.);
#2159=FACE_BOUND('',#2023,.T.);
#2160=FACE_BOUND('',#2024,.T.);
#2161=FACE_BOUND('',#2025,.T.);
#2162=FACE_BOUND('',#2026,.T.);
#2163=FACE_BOUND('',#2027,.T.);
#2164=FACE_BOUND('',#2028,.T.);
#2165=FACE_BOUND('',#2029,.T.);
#2166=FACE_BOUND('',#2030,.T.);
#2167=FACE_BOUND('',#2031,.T.);
#2168=FACE_BOUND('',#2032,.T.);
#2169=FACE_BOUND('',#2033,.T.);
#2170=FACE_BOUND('',#2034,.T.);
#2171=FACE_BOUND('',#2035,.T.);
#2172=FACE_BOUND('',#2036,.T.);
#2173=FACE_BOUND('',#2037,.T.);
#2174=FACE_BOUND('',#2038,.T.);
#2175=FACE_BOUND('',#2039,.T.);
#2176=FACE_BOUND('',#2040,.T.);
#2177=FACE_BOUND('',#2041,.T.);
#2178=FACE_BOUND('',#2042,.T.);
#2179=FACE_BOUND('',#2043,.T.);
#2180=FACE_BOUND('',#2044,.T.);
#2181=FACE_BOUND('',#2045,.T.);
#2182=FACE_BOUND('',#2046,.T.);
#2183=FACE_BOUND('',#2047,.T.);
#2184=FACE_BOUND('',#2048,.T.);
#2185=FACE_BOUND('',#2049,.T.);
#2186=FACE_BOUND('',#2050,.T.);
#2187=FACE_BOUND('',#2051,.T.);
#2188=FACE_BOUND('',#2052,.T.);
#2189=FACE_BOUND('',#2053,.T.);
#2190=FACE_BOUND('',#2054,.T.);
#2191=FACE_BOUND('',#2055,.T.);
#2192=FACE_BOUND('',#2056,.T.);
#2193=FACE_BOUND('',#2057,.T.);
#2194=FACE_BOUND('',#2058,.T.);
#2195=FACE_BOUND('',#2059,.T.);
#2196=FACE_BOUND('',#2060,.T.);
#2197=FACE_BOUND('',#2061,.T.);
#2198=FACE_BOUND('',#2062,.T.);
#2199=FACE_BOUND('',#2063,.T.);
#2200=FACE_BOUND('',#2064,.T.);
#2201=FACE_BOUND('',#2065,.T.);
#2202=FACE_BOUND('',#2066,.T.);
#2203=FACE_BOUND('',#2067,.T.);
#2204=FACE_BOUND('',#2068,.T.);
#2205=FACE_BOUND('',#2069,.T.);
#2206=FACE_BOUND('',#2070,.T.);
#2207=FACE_BOUND('',#2071,.T.);
#2208=FACE_BOUND('',#2072,.T.);
#2209=FACE_BOUND('',#2073,.T.);
#2210=FACE_BOUND('',#2074,.T.);
#2211=FACE_BOUND('',#2075,.T.);
#2212=FACE_BOUND('',#2076,.T.);
#2213=FACE_BOUND('',#2077,.T.);
#2214=FACE_BOUND('',#2078,.T.);
#2215=FACE_BOUND('',#2079,.T.);
#2216=FACE_BOUND('',#2080,.T.);
#2217=FACE_BOUND('',#2081,.T.);
#2218=FACE_BOUND('',#2082,.T.);
#2219=FACE_BOUND('',#2083,.T.);
#2220=FACE_BOUND('',#2084,.T.);
#2221=FACE_BOUND('',#2085,.T.);
#2222=FACE_BOUND('',#2086,.T.);
#2223=FACE_BOUND('',#2087,.T.);
#2224=FACE_BOUND('',#2088,.T.);
#2225=FACE_BOUND('',#2089,.T.);
#2226=FACE_BOUND('',#2090,.T.);
#2227=FACE_BOUND('',#2091,.T.);
#2228=FACE_BOUND('',#2092,.T.);
#2229=FACE_BOUND('',#2093,.T.);
#2230=FACE_BOUND('',#2094,.T.);
#2231=FACE_BOUND('',#2095,.T.);
#2232=FACE_BOUND('',#2096,.T.);
#2233=FACE_BOUND('',#2097,.T.);
#2234=FACE_BOUND('',#2098,.T.);
#2235=FACE_BOUND('',#2099,.T.);
#2236=FACE_BOUND('',#2100,.T.);
#2237=FACE_BOUND('',#2101,.T.);
#2238=FACE_BOUND('',#2102,.T.);
#2239=FACE_BOUND('',#2103,.T.);
#2240=FACE_BOUND('',#2104,.T.);
#2241=FACE_BOUND('',#2105,.T.);
#2242=FACE_BOUND('',#2106,.T.);
#2243=FACE_BOUND('',#2107,.T.);
#2244=FACE_BOUND('',#2108,.T.);
#2245=FACE_BOUND('',#2109,.T.);
#2246=FACE_BOUND('',#2110,.T.);
#2247=FACE_BOUND('',#2111,.T.);
#2248=FACE_BOUND('',#2112,.T.);
#2249=FACE_BOUND('',#2113,.T.);
#2250=FACE_BOUND('',#2114,.T.);
#2251=FACE_BOUND('',#2115,.T.);
#2252=FACE_BOUND('',#2116,.T.);
#2253=FACE_BOUND('',#2117,.T.);
#2254=FACE_BOUND('',#2118,.T.);
#2255=FACE_BOUND('',#2119,.T.);
#2256=FACE_BOUND('',#2120,.T.);
#2257=FACE_BOUND('',#2121,.T.);
#2258=FACE_BOUND('',#2122,.T.);
#2259=FACE_BOUND('',#2123,.T.);
#2260=FACE_BOUND('',#2124,.T.);
#2261=FACE_BOUND('',#2125,.T.);
#2262=FACE_BOUND('',#2126,.T.);
#2263=FACE_BOUND('',#2127,.T.);
#2264=FACE_BOUND('',#2128,.T.);
#2265=FACE_BOUND('',#2129,.T.);
#2266=FACE_BOUND('',#2130,.T.);
#2267=FACE_BOUND('',#2131,.T.);
#2268=FACE_BOUND('',#2132,.T.);
#2269=FACE_BOUND('',#2133,.T.);
#2270=FACE_BOUND('',#2134,.T.);
#2271=FACE_BOUND('',#2135,.T.);
#2272=FACE_BOUND('',#2136,.T.);
#2273=PLANE('',#2508);
#2274=PLANE('',#2602);
#2275=PLANE('',#2606);
#2276=PLANE('',#2608);
#2277=PLANE('',#2609);
#2278=PLANE('',#2612);
#2279=PLANE('',#2613);
#2280=PLANE('',#2614);
#2281=PLANE('',#2617);
#2282=PLANE('',#2618);
#2283=PLANE('',#2619);
#2284=PLANE('',#2622);
#2285=PLANE('',#2623);
#2286=PLANE('',#2624);
#2287=PLANE('',#2627);
#2288=PLANE('',#2628);
#2289=PLANE('',#2629);
#2290=PLANE('',#2632);
#2291=PLANE('',#2633);
#2292=PLANE('',#2634);
#2293=PLANE('',#2637);
#2294=PLANE('',#2638);
#2295=PLANE('',#2639);
#2296=PLANE('',#2642);
#2297=PLANE('',#2643);
#2298=PLANE('',#2644);
#2299=PLANE('',#2647);
#2300=PLANE('',#2648);
#2301=PLANE('',#2651);
#2302=PLANE('',#2652);
#2303=PLANE('',#2655);
#2304=PLANE('',#2656);
#2305=PLANE('',#2657);
#2306=PLANE('',#2660);
#2307=PLANE('',#2661);
#2308=PLANE('',#2662);
#2309=PLANE('',#2665);
#2310=PLANE('',#2666);
#2311=PLANE('',#2667);
#2312=PLANE('',#2670);
#2313=PLANE('',#2671);
#2314=PLANE('',#2672);
#2315=PLANE('',#2675);
#2316=PLANE('',#2676);
#2317=PLANE('',#2677);
#2318=PLANE('',#2680);
#2319=PLANE('',#2681);
#2320=PLANE('',#2682);
#2321=PLANE('',#2685);
#2322=PLANE('',#2686);
#2323=PLANE('',#2687);
#2324=PLANE('',#2690);
#2325=PLANE('',#2691);
#2326=PLANE('',#2692);
#2327=PLANE('',#2695);
#2328=PLANE('',#2696);
#2329=PLANE('',#2697);
#2330=PLANE('',#2700);
#2331=PLANE('',#2701);
#2332=PLANE('',#2702);
#2333=PLANE('',#2705);
#2334=PLANE('',#2706);
#2335=PLANE('',#2707);
#2336=PLANE('',#2710);
#2337=PLANE('',#2711);
#2338=PLANE('',#2712);
#2339=PLANE('',#2715);
#2340=PLANE('',#2716);
#2341=PLANE('',#2717);
#2342=PLANE('',#2720);
#2343=PLANE('',#2721);
#2344=PLANE('',#2722);
#2345=PLANE('',#2725);
#2346=PLANE('',#2726);
#2347=PLANE('',#2727);
#2348=PLANE('',#2730);
#2349=PLANE('',#2731);
#2350=PLANE('',#2732);
#2351=PLANE('',#2735);
#2352=PLANE('',#2736);
#2353=PLANE('',#2737);
#2354=PLANE('',#2740);
#2355=PLANE('',#2741);
#2356=PLANE('',#2742);
#2357=PLANE('',#2745);
#2358=PLANE('',#2746);
#2359=PLANE('',#2747);
#2360=PLANE('',#2750);
#2361=PLANE('',#2751);
#2362=PLANE('',#2752);
#2363=PLANE('',#2755);
#2364=PLANE('',#2756);
#2365=PLANE('',#2757);
#2366=PLANE('',#2760);
#2367=ADVANCED_FACE('',(#2137,#2138),#2273,.F.);
#2368=ADVANCED_FACE('',(#2139,#2140),#14,.T.);
#2369=ADVANCED_FACE('',(#2141,#2142),#2274,.T.);
#2370=ADVANCED_FACE('',(#2143,#2144,#2145,#2146),#15,.T.);
#2371=ADVANCED_FACE('',(#2147),#2275,.T.);
#2372=ADVANCED_FACE('',(#2148,#2149),#16,.F.);
#2373=ADVANCED_FACE('',(#2150),#2276,.T.);
#2374=ADVANCED_FACE('',(#2151),#2277,.F.);
#2375=ADVANCED_FACE('',(#2152),#17,.T.);
#2376=ADVANCED_FACE('',(#2153),#2278,.F.);
#2377=ADVANCED_FACE('',(#2154),#2279,.T.);
#2378=ADVANCED_FACE('',(#2155),#2280,.F.);
#2379=ADVANCED_FACE('',(#2156),#18,.T.);
#2380=ADVANCED_FACE('',(#2157),#2281,.F.);
#2381=ADVANCED_FACE('',(#2158),#2282,.T.);
#2382=ADVANCED_FACE('',(#2159),#2283,.F.);
#2383=ADVANCED_FACE('',(#2160),#19,.T.);
#2384=ADVANCED_FACE('',(#2161),#2284,.F.);
#2385=ADVANCED_FACE('',(#2162),#2285,.T.);
#2386=ADVANCED_FACE('',(#2163),#2286,.F.);
#2387=ADVANCED_FACE('',(#2164),#20,.T.);
#2388=ADVANCED_FACE('',(#2165),#2287,.F.);
#2389=ADVANCED_FACE('',(#2166),#2288,.T.);
#2390=ADVANCED_FACE('',(#2167),#2289,.F.);
#2391=ADVANCED_FACE('',(#2168),#21,.T.);
#2392=ADVANCED_FACE('',(#2169),#2290,.F.);
#2393=ADVANCED_FACE('',(#2170),#2291,.T.);
#2394=ADVANCED_FACE('',(#2171),#2292,.F.);
#2395=ADVANCED_FACE('',(#2172),#22,.T.);
#2396=ADVANCED_FACE('',(#2173),#2293,.F.);
#2397=ADVANCED_FACE('',(#2174),#2294,.T.);
#2398=ADVANCED_FACE('',(#2175),#2295,.F.);
#2399=ADVANCED_FACE('',(#2176),#23,.T.);
#2400=ADVANCED_FACE('',(#2177),#2296,.F.);
#2401=ADVANCED_FACE('',(#2178),#2297,.T.);
#2402=ADVANCED_FACE('',(#2179),#2298,.F.);
#2403=ADVANCED_FACE('',(#2180),#24,.T.);
#2404=ADVANCED_FACE('',(#2181),#2299,.F.);
#2405=ADVANCED_FACE('',(#2182),#2300,.F.);
#2406=ADVANCED_FACE('',(#2183),#25,.T.);
#2407=ADVANCED_FACE('',(#2184),#2301,.T.);
#2408=ADVANCED_FACE('',(#2185),#2302,.F.);
#2409=ADVANCED_FACE('',(#2186,#2187),#26,.F.);
#2410=ADVANCED_FACE('',(#2188),#2303,.F.);
#2411=ADVANCED_FACE('',(#2189),#2304,.T.);
#2412=ADVANCED_FACE('',(#2190),#2305,.F.);
#2413=ADVANCED_FACE('',(#2191),#27,.T.);
#2414=ADVANCED_FACE('',(#2192),#2306,.F.);
#2415=ADVANCED_FACE('',(#2193),#2307,.T.);
#2416=ADVANCED_FACE('',(#2194),#2308,.F.);
#2417=ADVANCED_FACE('',(#2195),#28,.T.);
#2418=ADVANCED_FACE('',(#2196),#2309,.F.);
#2419=ADVANCED_FACE('',(#2197),#2310,.T.);
#2420=ADVANCED_FACE('',(#2198),#2311,.F.);
#2421=ADVANCED_FACE('',(#2199),#29,.T.);
#2422=ADVANCED_FACE('',(#2200),#2312,.F.);
#2423=ADVANCED_FACE('',(#2201),#2313,.T.);
#2424=ADVANCED_FACE('',(#2202),#2314,.F.);
#2425=ADVANCED_FACE('',(#2203),#30,.T.);
#2426=ADVANCED_FACE('',(#2204),#2315,.F.);
#2427=ADVANCED_FACE('',(#2205),#2316,.T.);
#2428=ADVANCED_FACE('',(#2206),#2317,.F.);
#2429=ADVANCED_FACE('',(#2207),#31,.T.);
#2430=ADVANCED_FACE('',(#2208),#2318,.F.);
#2431=ADVANCED_FACE('',(#2209),#2319,.T.);
#2432=ADVANCED_FACE('',(#2210),#2320,.F.);
#2433=ADVANCED_FACE('',(#2211),#32,.T.);
#2434=ADVANCED_FACE('',(#2212),#2321,.F.);
#2435=ADVANCED_FACE('',(#2213),#2322,.T.);
#2436=ADVANCED_FACE('',(#2214),#2323,.F.);
#2437=ADVANCED_FACE('',(#2215),#33,.T.);
#2438=ADVANCED_FACE('',(#2216),#2324,.F.);
#2439=ADVANCED_FACE('',(#2217),#2325,.T.);
#2440=ADVANCED_FACE('',(#2218),#2326,.F.);
#2441=ADVANCED_FACE('',(#2219),#34,.T.);
#2442=ADVANCED_FACE('',(#2220),#2327,.F.);
#2443=ADVANCED_FACE('',(#2221),#2328,.T.);
#2444=ADVANCED_FACE('',(#2222),#2329,.F.);
#2445=ADVANCED_FACE('',(#2223),#35,.T.);
#2446=ADVANCED_FACE('',(#2224),#2330,.F.);
#2447=ADVANCED_FACE('',(#2225),#2331,.T.);
#2448=ADVANCED_FACE('',(#2226),#2332,.F.);
#2449=ADVANCED_FACE('',(#2227),#36,.T.);
#2450=ADVANCED_FACE('',(#2228),#2333,.F.);
#2451=ADVANCED_FACE('',(#2229),#2334,.T.);
#2452=ADVANCED_FACE('',(#2230),#2335,.F.);
#2453=ADVANCED_FACE('',(#2231),#37,.T.);
#2454=ADVANCED_FACE('',(#2232),#2336,.F.);
#2455=ADVANCED_FACE('',(#2233),#2337,.T.);
#2456=ADVANCED_FACE('',(#2234),#2338,.F.);
#2457=ADVANCED_FACE('',(#2235),#38,.T.);
#2458=ADVANCED_FACE('',(#2236),#2339,.F.);
#2459=ADVANCED_FACE('',(#2237),#2340,.T.);
#2460=ADVANCED_FACE('',(#2238),#2341,.F.);
#2461=ADVANCED_FACE('',(#2239),#39,.T.);
#2462=ADVANCED_FACE('',(#2240),#2342,.F.);
#2463=ADVANCED_FACE('',(#2241),#2343,.T.);
#2464=ADVANCED_FACE('',(#2242),#2344,.F.);
#2465=ADVANCED_FACE('',(#2243),#40,.T.);
#2466=ADVANCED_FACE('',(#2244),#2345,.F.);
#2467=ADVANCED_FACE('',(#2245),#2346,.T.);
#2468=ADVANCED_FACE('',(#2246),#2347,.F.);
#2469=ADVANCED_FACE('',(#2247),#41,.T.);
#2470=ADVANCED_FACE('',(#2248),#2348,.F.);
#2471=ADVANCED_FACE('',(#2249),#2349,.T.);
#2472=ADVANCED_FACE('',(#2250),#2350,.F.);
#2473=ADVANCED_FACE('',(#2251),#42,.T.);
#2474=ADVANCED_FACE('',(#2252),#2351,.F.);
#2475=ADVANCED_FACE('',(#2253),#2352,.T.);
#2476=ADVANCED_FACE('',(#2254),#2353,.F.);
#2477=ADVANCED_FACE('',(#2255),#43,.T.);
#2478=ADVANCED_FACE('',(#2256),#2354,.F.);
#2479=ADVANCED_FACE('',(#2257),#2355,.T.);
#2480=ADVANCED_FACE('',(#2258),#2356,.F.);
#2481=ADVANCED_FACE('',(#2259),#44,.T.);
#2482=ADVANCED_FACE('',(#2260),#2357,.F.);
#2483=ADVANCED_FACE('',(#2261),#2358,.T.);
#2484=ADVANCED_FACE('',(#2262),#2359,.F.);
#2485=ADVANCED_FACE('',(#2263),#45,.T.);
#2486=ADVANCED_FACE('',(#2264),#2360,.F.);
#2487=ADVANCED_FACE('',(#2265),#2361,.T.);
#2488=ADVANCED_FACE('',(#2266),#2362,.F.);
#2489=ADVANCED_FACE('',(#2267),#46,.T.);
#2490=ADVANCED_FACE('',(#2268),#2363,.F.);
#2491=ADVANCED_FACE('',(#2269),#2364,.T.);
#2492=ADVANCED_FACE('',(#2270),#2365,.F.);
#2493=ADVANCED_FACE('',(#2271),#47,.T.);
#2494=ADVANCED_FACE('',(#2272),#2366,.F.);
#2495=CLOSED_SHELL('',(#2367,#2368,#2369,#2370,#2371,#2372,#2373,#2374,
#2375,#2376,#2377,#2378,#2379,#2380,#2381,#2382,#2383,#2384,#2385,#2386,
#2387,#2388,#2389,#2390,#2391,#2392,#2393,#2394,#2395,#2396,#2397,#2398,
#2399,#2400,#2401,#2402,#2403,#2404,#2405,#2406,#2407,#2408,#2409,#2410,
#2411,#2412,#2413,#2414,#2415,#2416,#2417,#2418,#2419,#2420,#2421,#2422,
#2423,#2424,#2425,#2426,#2427,#2428,#2429,#2430,#2431,#2432,#2433,#2434,
#2435,#2436,#2437,#2438,#2439,#2440,#2441,#2442,#2443,#2444,#2445,#2446,
#2447,#2448,#2449,#2450,#2451,#2452,#2453,#2454,#2455,#2456,#2457,#2458,
#2459,#2460,#2461,#2462,#2463,#2464,#2465,#2466,#2467,#2468,#2469,#2470,
#2471,#2472,#2473,#2474,#2475,#2476,#2477,#2478,#2479,#2480,#2481,#2482,
#2483,#2484,#2485,#2486,#2487,#2488,#2489,#2490,#2491,#2492,#2493,#2494));
#2496=STYLED_ITEM('',(#2497),#2504);
#2497=PRESENTATION_STYLE_ASSIGNMENT((#2498));
#2498=SURFACE_STYLE_USAGE(.BOTH.,#2499);
#2499=SURFACE_SIDE_STYLE('',(#2500));
#2500=SURFACE_STYLE_FILL_AREA(#2501);
#2501=FILL_AREA_STYLE('',(#2502));
#2502=FILL_AREA_STYLE_COLOUR('',#2503);
#2503=COLOUR_RGB('',0.372549019607843,0.654901960784314,0.23921568627451);
#2504=MANIFOLD_SOLID_BREP('Part 1',#2495);
#2505=SHAPE_DEFINITION_REPRESENTATION(#4278,#2506);
#2506=SHAPE_REPRESENTATION('Part 1',(#2507),#4273);
#2507=AXIS2_PLACEMENT_3D('',#3509,#2761,#2762);
#2508=AXIS2_PLACEMENT_3D('',#3510,#2763,#2764);
#2509=AXIS2_PLACEMENT_3D('',#3511,#2765,#2766);
#2510=AXIS2_PLACEMENT_3D('',#3513,#2767,#2768);
#2511=AXIS2_PLACEMENT_3D('',#3518,#2770,#2771);
#2512=AXIS2_PLACEMENT_3D('',#3522,#2773,#2774);
#2513=AXIS2_PLACEMENT_3D('',#3526,#2776,#2777);
#2514=AXIS2_PLACEMENT_3D('',#3530,#2779,#2780);
#2515=AXIS2_PLACEMENT_3D('',#3534,#2782,#2783);
#2516=AXIS2_PLACEMENT_3D('',#3538,#2785,#2786);
#2517=AXIS2_PLACEMENT_3D('',#3542,#2788,#2789);
#2518=AXIS2_PLACEMENT_3D('',#3546,#2791,#2792);
#2519=AXIS2_PLACEMENT_3D('',#3550,#2794,#2795);
#2520=AXIS2_PLACEMENT_3D('',#3554,#2797,#2798);
#2521=AXIS2_PLACEMENT_3D('',#3558,#2800,#2801);
#2522=AXIS2_PLACEMENT_3D('',#3562,#2803,#2804);
#2523=AXIS2_PLACEMENT_3D('',#3566,#2806,#2807);
#2524=AXIS2_PLACEMENT_3D('',#3570,#2809,#2810);
#2525=AXIS2_PLACEMENT_3D('',#3574,#2812,#2813);
#2526=AXIS2_PLACEMENT_3D('',#3578,#2815,#2816);
#2527=AXIS2_PLACEMENT_3D('',#3582,#2818,#2819);
#2528=AXIS2_PLACEMENT_3D('',#3586,#2821,#2822);
#2529=AXIS2_PLACEMENT_3D('',#3590,#2824,#2825);
#2530=AXIS2_PLACEMENT_3D('',#3594,#2827,#2828);
#2531=AXIS2_PLACEMENT_3D('',#3598,#2830,#2831);
#2532=AXIS2_PLACEMENT_3D('',#3602,#2833,#2834);
#2533=AXIS2_PLACEMENT_3D('',#3606,#2836,#2837);
#2534=AXIS2_PLACEMENT_3D('',#3610,#2839,#2840);
#2535=AXIS2_PLACEMENT_3D('',#3614,#2842,#2843);
#2536=AXIS2_PLACEMENT_3D('',#3618,#2845,#2846);
#2537=AXIS2_PLACEMENT_3D('',#3622,#2848,#2849);
#2538=AXIS2_PLACEMENT_3D('',#3626,#2851,#2852);
#2539=AXIS2_PLACEMENT_3D('',#3630,#2854,#2855);
#2540=AXIS2_PLACEMENT_3D('',#3634,#2857,#2858);
#2541=AXIS2_PLACEMENT_3D('',#3638,#2860,#2861);
#2542=AXIS2_PLACEMENT_3D('',#3642,#2863,#2864);
#2543=AXIS2_PLACEMENT_3D('',#3646,#2866,#2867);
#2544=AXIS2_PLACEMENT_3D('',#3650,#2869,#2870);
#2545=AXIS2_PLACEMENT_3D('',#3654,#2872,#2873);
#2546=AXIS2_PLACEMENT_3D('',#3658,#2875,#2876);
#2547=AXIS2_PLACEMENT_3D('',#3662,#2878,#2879);
#2548=AXIS2_PLACEMENT_3D('',#3666,#2881,#2882);
#2549=AXIS2_PLACEMENT_3D('',#3670,#2884,#2885);
#2550=AXIS2_PLACEMENT_3D('',#3674,#2887,#2888);
#2551=AXIS2_PLACEMENT_3D('',#3678,#2890,#2891);
#2552=AXIS2_PLACEMENT_3D('',#3682,#2893,#2894);
#2553=AXIS2_PLACEMENT_3D('',#3686,#2896,#2897);
#2554=AXIS2_PLACEMENT_3D('',#3690,#2899,#2900);
#2555=AXIS2_PLACEMENT_3D('',#3694,#2902,#2903);
#2556=AXIS2_PLACEMENT_3D('',#3698,#2905,#2906);
#2557=AXIS2_PLACEMENT_3D('',#3702,#2908,#2909);
#2558=AXIS2_PLACEMENT_3D('',#3706,#2911,#2912);
#2559=AXIS2_PLACEMENT_3D('',#3710,#2914,#2915);
#2560=AXIS2_PLACEMENT_3D('',#3714,#2917,#2918);
#2561=AXIS2_PLACEMENT_3D('',#3718,#2920,#2921);
#2562=AXIS2_PLACEMENT_3D('',#3722,#2923,#2924);
#2563=AXIS2_PLACEMENT_3D('',#3726,#2926,#2927);
#2564=AXIS2_PLACEMENT_3D('',#3730,#2929,#2930);
#2565=AXIS2_PLACEMENT_3D('',#3734,#2932,#2933);
#2566=AXIS2_PLACEMENT_3D('',#3738,#2935,#2936);
#2567=AXIS2_PLACEMENT_3D('',#3742,#2938,#2939);
#2568=AXIS2_PLACEMENT_3D('',#3746,#2941,#2942);
#2569=AXIS2_PLACEMENT_3D('',#3750,#2944,#2945);
#2570=AXIS2_PLACEMENT_3D('',#3753,#2947,#2948);
#2571=AXIS2_PLACEMENT_3D('',#3754,#2949,#2950);
#2572=AXIS2_PLACEMENT_3D('',#3760,#2953,#2954);
#2573=AXIS2_PLACEMENT_3D('',#3765,#2957,#2958);
#2574=AXIS2_PLACEMENT_3D('',#3770,#2961,#2962);
#2575=AXIS2_PLACEMENT_3D('',#3775,#2965,#2966);
#2576=AXIS2_PLACEMENT_3D('',#3780,#2969,#2970);
#2577=AXIS2_PLACEMENT_3D('',#3785,#2973,#2974);
#2578=AXIS2_PLACEMENT_3D('',#3790,#2977,#2978);
#2579=AXIS2_PLACEMENT_3D('',#3795,#2981,#2982);
#2580=AXIS2_PLACEMENT_3D('',#3800,#2985,#2986);
#2581=AXIS2_PLACEMENT_3D('',#3805,#2989,#2990);
#2582=AXIS2_PLACEMENT_3D('',#3810,#2993,#2994);
#2583=AXIS2_PLACEMENT_3D('',#3815,#2997,#2998);
#2584=AXIS2_PLACEMENT_3D('',#3820,#3001,#3002);
#2585=AXIS2_PLACEMENT_3D('',#3825,#3005,#3006);
#2586=AXIS2_PLACEMENT_3D('',#3830,#3009,#3010);
#2587=AXIS2_PLACEMENT_3D('',#3835,#3013,#3014);
#2588=AXIS2_PLACEMENT_3D('',#3840,#3017,#3018);
#2589=AXIS2_PLACEMENT_3D('',#3845,#3021,#3022);
#2590=AXIS2_PLACEMENT_3D('',#3850,#3025,#3026);
#2591=AXIS2_PLACEMENT_3D('',#3855,#3029,#3030);
#2592=AXIS2_PLACEMENT_3D('',#3860,#3033,#3034);
#2593=AXIS2_PLACEMENT_3D('',#3865,#3037,#3038);
#2594=AXIS2_PLACEMENT_3D('',#3870,#3041,#3042);
#2595=AXIS2_PLACEMENT_3D('',#3875,#3045,#3046);
#2596=AXIS2_PLACEMENT_3D('',#3880,#3049,#3050);
#2597=AXIS2_PLACEMENT_3D('',#3885,#3053,#3054);
#2598=AXIS2_PLACEMENT_3D('',#3890,#3057,#3058);
#2599=AXIS2_PLACEMENT_3D('',#3895,#3061,#3062);
#2600=AXIS2_PLACEMENT_3D('',#3900,#3065,#3066);
#2601=AXIS2_PLACEMENT_3D('',#3904,#3069,#3070);
#2602=AXIS2_PLACEMENT_3D('',#3906,#3071,#3072);
#2603=AXIS2_PLACEMENT_3D('',#3907,#3073,#3074);
#2604=AXIS2_PLACEMENT_3D('',#3909,#3075,#3076);
#2605=AXIS2_PLACEMENT_3D('',#3934,#3077,#3078);
#2606=AXIS2_PLACEMENT_3D('',#3936,#3079,#3080);
#2607=AXIS2_PLACEMENT_3D('',#3937,#3081,#3082);
#2608=AXIS2_PLACEMENT_3D('',#3938,#3083,#3084);
#2609=AXIS2_PLACEMENT_3D('',#3942,#3087,#3088);
#2610=AXIS2_PLACEMENT_3D('',#3946,#3091,#3092);
#2611=AXIS2_PLACEMENT_3D('',#3947,#3093,#3094);
#2612=AXIS2_PLACEMENT_3D('',#3948,#3095,#3096);
#2613=AXIS2_PLACEMENT_3D('',#3949,#3097,#3098);
#2614=AXIS2_PLACEMENT_3D('',#3953,#3101,#3102);
#2615=AXIS2_PLACEMENT_3D('',#3957,#3105,#3106);
#2616=AXIS2_PLACEMENT_3D('',#3958,#3107,#3108);
#2617=AXIS2_PLACEMENT_3D('',#3959,#3109,#3110);
#2618=AXIS2_PLACEMENT_3D('',#3960,#3111,#3112);
#2619=AXIS2_PLACEMENT_3D('',#3964,#3115,#3116);
#2620=AXIS2_PLACEMENT_3D('',#3968,#3119,#3120);
#2621=AXIS2_PLACEMENT_3D('',#3969,#3121,#3122);
#2622=AXIS2_PLACEMENT_3D('',#3970,#3123,#3124);
#2623=AXIS2_PLACEMENT_3D('',#3971,#3125,#3126);
#2624=AXIS2_PLACEMENT_3D('',#3975,#3129,#3130);
#2625=AXIS2_PLACEMENT_3D('',#3979,#3133,#3134);
#2626=AXIS2_PLACEMENT_3D('',#3980,#3135,#3136);
#2627=AXIS2_PLACEMENT_3D('',#3981,#3137,#3138);
#2628=AXIS2_PLACEMENT_3D('',#3982,#3139,#3140);
#2629=AXIS2_PLACEMENT_3D('',#3986,#3143,#3144);
#2630=AXIS2_PLACEMENT_3D('',#3990,#3147,#3148);
#2631=AXIS2_PLACEMENT_3D('',#3991,#3149,#3150);
#2632=AXIS2_PLACEMENT_3D('',#3992,#3151,#3152);
#2633=AXIS2_PLACEMENT_3D('',#3993,#3153,#3154);
#2634=AXIS2_PLACEMENT_3D('',#3997,#3157,#3158);
#2635=AXIS2_PLACEMENT_3D('',#4001,#3161,#3162);
#2636=AXIS2_PLACEMENT_3D('',#4002,#3163,#3164);
#2637=AXIS2_PLACEMENT_3D('',#4003,#3165,#3166);
#2638=AXIS2_PLACEMENT_3D('',#4004,#3167,#3168);
#2639=AXIS2_PLACEMENT_3D('',#4008,#3171,#3172);
#2640=AXIS2_PLACEMENT_3D('',#4012,#3175,#3176);
#2641=AXIS2_PLACEMENT_3D('',#4013,#3177,#3178);
#2642=AXIS2_PLACEMENT_3D('',#4014,#3179,#3180);
#2643=AXIS2_PLACEMENT_3D('',#4015,#3181,#3182);
#2644=AXIS2_PLACEMENT_3D('',#4019,#3185,#3186);
#2645=AXIS2_PLACEMENT_3D('',#4023,#3189,#3190);
#2646=AXIS2_PLACEMENT_3D('',#4024,#3191,#3192);
#2647=AXIS2_PLACEMENT_3D('',#4025,#3193,#3194);
#2648=AXIS2_PLACEMENT_3D('',#4026,#3195,#3196);
#2649=AXIS2_PLACEMENT_3D('',#4030,#3199,#3200);
#2650=AXIS2_PLACEMENT_3D('',#4031,#3201,#3202);
#2651=AXIS2_PLACEMENT_3D('',#4034,#3204,#3205);
#2652=AXIS2_PLACEMENT_3D('',#4036,#3207,#3208);
#2653=AXIS2_PLACEMENT_3D('',#4037,#3209,#3210);
#2654=AXIS2_PLACEMENT_3D('',#4038,#3211,#3212);
#2655=AXIS2_PLACEMENT_3D('',#4040,#3213,#3214);
#2656=AXIS2_PLACEMENT_3D('',#4041,#3215,#3216);
#2657=AXIS2_PLACEMENT_3D('',#4045,#3219,#3220);
#2658=AXIS2_PLACEMENT_3D('',#4049,#3223,#3224);
#2659=AXIS2_PLACEMENT_3D('',#4050,#3225,#3226);
#2660=AXIS2_PLACEMENT_3D('',#4051,#3227,#3228);
#2661=AXIS2_PLACEMENT_3D('',#4052,#3229,#3230);
#2662=AXIS2_PLACEMENT_3D('',#4056,#3233,#3234);
#2663=AXIS2_PLACEMENT_3D('',#4060,#3237,#3238);
#2664=AXIS2_PLACEMENT_3D('',#4061,#3239,#3240);
#2665=AXIS2_PLACEMENT_3D('',#4062,#3241,#3242);
#2666=AXIS2_PLACEMENT_3D('',#4063,#3243,#3244);
#2667=AXIS2_PLACEMENT_3D('',#4067,#3247,#3248);
#2668=AXIS2_PLACEMENT_3D('',#4071,#3251,#3252);
#2669=AXIS2_PLACEMENT_3D('',#4072,#3253,#3254);
#2670=AXIS2_PLACEMENT_3D('',#4073,#3255,#3256);
#2671=AXIS2_PLACEMENT_3D('',#4074,#3257,#3258);
#2672=AXIS2_PLACEMENT_3D('',#4078,#3261,#3262);
#2673=AXIS2_PLACEMENT_3D('',#4082,#3265,#3266);
#2674=AXIS2_PLACEMENT_3D('',#4083,#3267,#3268);
#2675=AXIS2_PLACEMENT_3D('',#4084,#3269,#3270);
#2676=AXIS2_PLACEMENT_3D('',#4085,#3271,#3272);
#2677=AXIS2_PLACEMENT_3D('',#4089,#3275,#3276);
#2678=AXIS2_PLACEMENT_3D('',#4093,#3279,#3280);
#2679=AXIS2_PLACEMENT_3D('',#4094,#3281,#3282);
#2680=AXIS2_PLACEMENT_3D('',#4095,#3283,#3284);
#2681=AXIS2_PLACEMENT_3D('',#4096,#3285,#3286);
#2682=AXIS2_PLACEMENT_3D('',#4100,#3289,#3290);
#2683=AXIS2_PLACEMENT_3D('',#4104,#3293,#3294);
#2684=AXIS2_PLACEMENT_3D('',#4105,#3295,#3296);
#2685=AXIS2_PLACEMENT_3D('',#4106,#3297,#3298);
#2686=AXIS2_PLACEMENT_3D('',#4107,#3299,#3300);
#2687=AXIS2_PLACEMENT_3D('',#4111,#3303,#3304);
#2688=AXIS2_PLACEMENT_3D('',#4115,#3307,#3308);
#2689=AXIS2_PLACEMENT_3D('',#4116,#3309,#3310);
#2690=AXIS2_PLACEMENT_3D('',#4117,#3311,#3312);
#2691=AXIS2_PLACEMENT_3D('',#4118,#3313,#3314);
#2692=AXIS2_PLACEMENT_3D('',#4122,#3317,#3318);
#2693=AXIS2_PLACEMENT_3D('',#4126,#3321,#3322);
#2694=AXIS2_PLACEMENT_3D('',#4127,#3323,#3324);
#2695=AXIS2_PLACEMENT_3D('',#4128,#3325,#3326);
#2696=AXIS2_PLACEMENT_3D('',#4129,#3327,#3328);
#2697=AXIS2_PLACEMENT_3D('',#4133,#3331,#3332);
#2698=AXIS2_PLACEMENT_3D('',#4137,#3335,#3336);
#2699=AXIS2_PLACEMENT_3D('',#4138,#3337,#3338);
#2700=AXIS2_PLACEMENT_3D('',#4139,#3339,#3340);
#2701=AXIS2_PLACEMENT_3D('',#4140,#3341,#3342);
#2702=AXIS2_PLACEMENT_3D('',#4144,#3345,#3346);
#2703=AXIS2_PLACEMENT_3D('',#4148,#3349,#3350);
#2704=AXIS2_PLACEMENT_3D('',#4149,#3351,#3352);
#2705=AXIS2_PLACEMENT_3D('',#4150,#3353,#3354);
#2706=AXIS2_PLACEMENT_3D('',#4151,#3355,#3356);
#2707=AXIS2_PLACEMENT_3D('',#4155,#3359,#3360);
#2708=AXIS2_PLACEMENT_3D('',#4159,#3363,#3364);
#2709=AXIS2_PLACEMENT_3D('',#4160,#3365,#3366);
#2710=AXIS2_PLACEMENT_3D('',#4161,#3367,#3368);
#2711=AXIS2_PLACEMENT_3D('',#4162,#3369,#3370);
#2712=AXIS2_PLACEMENT_3D('',#4166,#3373,#3374);
#2713=AXIS2_PLACEMENT_3D('',#4170,#3377,#3378);
#2714=AXIS2_PLACEMENT_3D('',#4171,#3379,#3380);
#2715=AXIS2_PLACEMENT_3D('',#4172,#3381,#3382);
#2716=AXIS2_PLACEMENT_3D('',#4173,#3383,#3384);
#2717=AXIS2_PLACEMENT_3D('',#4177,#3387,#3388);
#2718=AXIS2_PLACEMENT_3D('',#4181,#3391,#3392);
#2719=AXIS2_PLACEMENT_3D('',#4182,#3393,#3394);
#2720=AXIS2_PLACEMENT_3D('',#4183,#3395,#3396);
#2721=AXIS2_PLACEMENT_3D('',#4184,#3397,#3398);
#2722=AXIS2_PLACEMENT_3D('',#4188,#3401,#3402);
#2723=AXIS2_PLACEMENT_3D('',#4192,#3405,#3406);
#2724=AXIS2_PLACEMENT_3D('',#4193,#3407,#3408);
#2725=AXIS2_PLACEMENT_3D('',#4194,#3409,#3410);
#2726=AXIS2_PLACEMENT_3D('',#4195,#3411,#3412);
#2727=AXIS2_PLACEMENT_3D('',#4199,#3415,#3416);
#2728=AXIS2_PLACEMENT_3D('',#4203,#3419,#3420);
#2729=AXIS2_PLACEMENT_3D('',#4204,#3421,#3422);
#2730=AXIS2_PLACEMENT_3D('',#4205,#3423,#3424);
#2731=AXIS2_PLACEMENT_3D('',#4206,#3425,#3426);
#2732=AXIS2_PLACEMENT_3D('',#4210,#3429,#3430);
#2733=AXIS2_PLACEMENT_3D('',#4214,#3433,#3434);
#2734=AXIS2_PLACEMENT_3D('',#4215,#3435,#3436);
#2735=AXIS2_PLACEMENT_3D('',#4216,#3437,#3438);
#2736=AXIS2_PLACEMENT_3D('',#4217,#3439,#3440);
#2737=AXIS2_PLACEMENT_3D('',#4221,#3443,#3444);
#2738=AXIS2_PLACEMENT_3D('',#4225,#3447,#3448);
#2739=AXIS2_PLACEMENT_3D('',#4226,#3449,#3450);
#2740=AXIS2_PLACEMENT_3D('',#4227,#3451,#3452);
#2741=AXIS2_PLACEMENT_3D('',#4228,#3453,#3454);
#2742=AXIS2_PLACEMENT_3D('',#4232,#3457,#3458);
#2743=AXIS2_PLACEMENT_3D('',#4236,#3461,#3462);
#2744=AXIS2_PLACEMENT_3D('',#4237,#3463,#3464);
#2745=AXIS2_PLACEMENT_3D('',#4238,#3465,#3466);
#2746=AXIS2_PLACEMENT_3D('',#4239,#3467,#3468);
#2747=AXIS2_PLACEMENT_3D('',#4243,#3471,#3472);
#2748=AXIS2_PLACEMENT_3D('',#4247,#3475,#3476);
#2749=AXIS2_PLACEMENT_3D('',#4248,#3477,#3478);
#2750=AXIS2_PLACEMENT_3D('',#4249,#3479,#3480);
#2751=AXIS2_PLACEMENT_3D('',#4250,#3481,#3482);
#2752=AXIS2_PLACEMENT_3D('',#4254,#3485,#3486);
#2753=AXIS2_PLACEMENT_3D('',#4258,#3489,#3490);
#2754=AXIS2_PLACEMENT_3D('',#4259,#3491,#3492);
#2755=AXIS2_PLACEMENT_3D('',#4260,#3493,#3494);
#2756=AXIS2_PLACEMENT_3D('',#4261,#3495,#3496);
#2757=AXIS2_PLACEMENT_3D('',#4265,#3499,#3500);
#2758=AXIS2_PLACEMENT_3D('',#4269,#3503,#3504);
#2759=AXIS2_PLACEMENT_3D('',#4270,#3505,#3506);
#2760=AXIS2_PLACEMENT_3D('',#4271,#3507,#3508);
#2761=DIRECTION('',(0.,0.,1.));
#2762=DIRECTION('',(1.,0.,0.));
#2763=DIRECTION('',(0.,0.,1.));
#2764=DIRECTION('',(1.,0.,0.));
#2765=DIRECTION('',(0.,0.,1.));
#2766=DIRECTION('',(1.,0.,0.));
#2767=DIRECTION('',(0.,0.,1.));
#2768=DIRECTION('',(1.,0.,0.));
#2769=DIRECTION('',(0.139173100960065,0.99026806874157,0.));
#2770=DIRECTION('',(0.,0.,1.));
#2771=DIRECTION('',(1.,0.,0.));
#2772=DIRECTION('',(-0.342020143325669,0.939692620785908,0.));
#2773=DIRECTION('',(0.,0.,1.));
#2774=DIRECTION('',(1.,0.,0.));
#2775=DIRECTION('',(0.342020143325668,0.939692620785908,0.));
#2776=DIRECTION('',(0.,0.,1.));
#2777=DIRECTION('',(1.,0.,0.));
#2778=DIRECTION('',(-0.139173100960066,0.99026806874157,0.));
#2779=DIRECTION('',(0.,0.,1.));
#2780=DIRECTION('',(1.,0.,0.));
#2781=DIRECTION('',(0.529919264233205,0.848048096156426,0.));
#2782=DIRECTION('',(0.,0.,1.));
#2783=DIRECTION('',(1.,0.,0.));
#2784=DIRECTION('',(0.069756473744126,0.997564050259824,0.));
#2785=DIRECTION('',(0.,0.,1.));
#2786=DIRECTION('',(1.,0.,0.));
#2787=DIRECTION('',(0.694658370458998,0.719339800338651,0.));
#2788=DIRECTION('',(0.,0.,1.));
#2789=DIRECTION('',(1.,0.,0.));
#2790=DIRECTION('',(0.275637355816999,0.961261695938319,0.));
#2791=DIRECTION('',(0.,0.,1.));
#2792=DIRECTION('',(1.,0.,0.));
#2793=DIRECTION('',(0.829037572555042,0.559192903470747,0.));
#2794=DIRECTION('',(0.,0.,1.));
#2795=DIRECTION('',(1.,0.,0.));
#2796=DIRECTION('',(0.469471562785891,0.882947592858927,0.));
#2797=DIRECTION('',(0.,0.,1.));
#2798=DIRECTION('',(1.,0.,0.));
#2799=DIRECTION('',(0.927183854566788,0.374606593415912,0.));
#2800=DIRECTION('',(0.,0.,1.));
#2801=DIRECTION('',(1.,0.,0.));
#2802=DIRECTION('',(0.64278760968654,0.766044443118978,0.));
#2803=DIRECTION('',(0.,0.,1.));
#2804=DIRECTION('',(1.,0.,0.));
#2805=DIRECTION('',(0.984807753012208,0.173648177666929,0.));
#2806=DIRECTION('',(0.,0.,1.));
#2807=DIRECTION('',(1.,0.,0.));
#2808=DIRECTION('',(0.788010753606722,0.615661475325658,0.));
#2809=DIRECTION('',(0.,0.,1.));
#2810=DIRECTION('',(1.,0.,0.));
#2811=DIRECTION('',(0.999390827019096,-0.034899496702501,0.));
#2812=DIRECTION('',(0.,0.,1.));
#2813=DIRECTION('',(1.,0.,0.));
#2814=DIRECTION('',(0.898794046299167,0.438371146789077,0.));
#2815=DIRECTION('',(0.,0.,1.));
#2816=DIRECTION('',(1.,0.,0.));
#2817=DIRECTION('',(0.970295726275996,-0.241921895599668,0.));
#2818=DIRECTION('',(0.,0.,1.));
#2819=DIRECTION('',(1.,0.,0.));
#2820=DIRECTION('',(0.970295726275997,0.241921895599667,0.));
#2821=DIRECTION('',(0.,0.,1.));
#2822=DIRECTION('',(1.,0.,0.));
#2823=DIRECTION('',(0.898794046299167,-0.438371146789078,0.));
#2824=DIRECTION('',(0.,0.,1.));
#2825=DIRECTION('',(1.,0.,0.));
#2826=DIRECTION('',(0.999390827019096,0.034899496702501,0.));
#2827=DIRECTION('',(0.,0.,1.));
#2828=DIRECTION('',(1.,0.,0.));
#2829=DIRECTION('',(0.788010753606722,-0.615661475325658,0.));
#2830=DIRECTION('',(0.,0.,1.));
#2831=DIRECTION('',(1.,0.,0.));
#2832=DIRECTION('',(0.984807753012208,-0.17364817766693,0.));
#2833=DIRECTION('',(0.,0.,1.));
#2834=DIRECTION('',(1.,0.,0.));
#2835=DIRECTION('',(0.642787609686539,-0.766044443118979,0.));
#2836=DIRECTION('',(0.,0.,1.));
#2837=DIRECTION('',(1.,0.,0.));
#2838=DIRECTION('',(0.927183854566787,-0.374606593415912,0.));
#2839=DIRECTION('',(0.,0.,1.));
#2840=DIRECTION('',(1.,0.,0.));
#2841=DIRECTION('',(0.469471562785891,-0.882947592858927,0.));
#2842=DIRECTION('',(0.,0.,1.));
#2843=DIRECTION('',(1.,0.,0.));
#2844=DIRECTION('',(0.829037572555042,-0.559192903470747,0.));
#2845=DIRECTION('',(0.,0.,1.));
#2846=DIRECTION('',(1.,0.,0.));
#2847=DIRECTION('',(0.275637355816999,-0.961261695938319,0.));
#2848=DIRECTION('',(0.,0.,1.));
#2849=DIRECTION('',(1.,0.,0.));
#2850=DIRECTION('',(0.694658370458997,-0.719339800338651,0.));
#2851=DIRECTION('',(0.,0.,1.));
#2852=DIRECTION('',(1.,0.,0.));
#2853=DIRECTION('',(0.069756473744125,-0.997564050259824,0.));
#2854=DIRECTION('',(0.,0.,1.));
#2855=DIRECTION('',(1.,0.,0.));
#2856=DIRECTION('',(0.529919264233205,-0.848048096156426,0.));
#2857=DIRECTION('',(0.,0.,1.));
#2858=DIRECTION('',(1.,0.,0.));
#2859=DIRECTION('',(-0.139173100960066,-0.99026806874157,0.));
#2860=DIRECTION('',(0.,0.,1.));
#2861=DIRECTION('',(1.,0.,0.));
#2862=DIRECTION('',(0.342020143325669,-0.939692620785908,0.));
#2863=DIRECTION('',(0.,0.,1.));
#2864=DIRECTION('',(1.,0.,0.));
#2865=DIRECTION('',(-0.342020143325669,-0.939692620785908,0.));
#2866=DIRECTION('',(0.,0.,1.));
#2867=DIRECTION('',(1.,0.,0.));
#2868=DIRECTION('',(0.139173100960065,-0.99026806874157,0.));
#2869=DIRECTION('',(0.,0.,1.));
#2870=DIRECTION('',(1.,0.,0.));
#2871=DIRECTION('',(-0.529919264233205,-0.848048096156426,0.));
#2872=DIRECTION('',(0.,0.,1.));
#2873=DIRECTION('',(1.,0.,0.));
#2874=DIRECTION('',(-0.0697564737441255,-0.997564050259824,0.));
#2875=DIRECTION('',(0.,0.,1.));
#2876=DIRECTION('',(1.,0.,0.));
#2877=DIRECTION('',(-0.694658370458997,-0.719339800338651,0.));
#2878=DIRECTION('',(0.,0.,1.));
#2879=DIRECTION('',(1.,0.,0.));
#2880=DIRECTION('',(-0.275637355816999,-0.961261695938319,0.));
#2881=DIRECTION('',(0.,0.,1.));
#2882=DIRECTION('',(1.,0.,0.));
#2883=DIRECTION('',(-0.829037572555042,-0.559192903470747,0.));
#2884=DIRECTION('',(0.,0.,1.));
#2885=DIRECTION('',(1.,0.,0.));
#2886=DIRECTION('',(-0.469471562785891,-0.882947592858927,0.));
#2887=DIRECTION('',(0.,0.,1.));
#2888=DIRECTION('',(1.,0.,0.));
#2889=DIRECTION('',(-0.927183854566788,-0.374606593415912,0.));
#2890=DIRECTION('',(0.,0.,1.));
#2891=DIRECTION('',(1.,0.,0.));
#2892=DIRECTION('',(-0.642787609686539,-0.766044443118978,0.));
#2893=DIRECTION('',(0.,0.,1.));
#2894=DIRECTION('',(1.,0.,0.));
#2895=DIRECTION('',(-0.984807753012208,-0.17364817766693,0.));
#2896=DIRECTION('',(0.,0.,1.));
#2897=DIRECTION('',(1.,0.,0.));
#2898=DIRECTION('',(-0.788010753606722,-0.615661475325659,0.));
#2899=DIRECTION('',(0.,0.,1.));
#2900=DIRECTION('',(1.,0.,0.));
#2901=DIRECTION('',(-0.999390827019096,0.034899496702501,0.));
#2902=DIRECTION('',(0.,0.,1.));
#2903=DIRECTION('',(1.,0.,0.));
#2904=DIRECTION('',(-0.898794046299167,-0.438371146789078,0.));
#2905=DIRECTION('',(0.,0.,1.));
#2906=DIRECTION('',(1.,0.,0.));
#2907=DIRECTION('',(-0.970295726275996,0.241921895599668,0.));
#2908=DIRECTION('',(0.,0.,1.));
#2909=DIRECTION('',(1.,0.,0.));
#2910=DIRECTION('',(-0.970295726275996,-0.241921895599668,0.));
#2911=DIRECTION('',(0.,0.,1.));
#2912=DIRECTION('',(1.,0.,0.));
#2913=DIRECTION('',(-0.898794046299167,0.438371146789078,0.));
#2914=DIRECTION('',(0.,0.,1.));
#2915=DIRECTION('',(1.,0.,0.));
#2916=DIRECTION('',(-0.999390827019096,-0.034899496702501,0.));
#2917=DIRECTION('',(0.,0.,1.));
#2918=DIRECTION('',(1.,0.,0.));
#2919=DIRECTION('',(-0.788010753606722,0.615661475325659,0.));
#2920=DIRECTION('',(0.,0.,1.));
#2921=DIRECTION('',(1.,0.,0.));
#2922=DIRECTION('',(-0.984807753012208,0.17364817766693,0.));
#2923=DIRECTION('',(0.,0.,1.));
#2924=DIRECTION('',(1.,0.,0.));
#2925=DIRECTION('',(-0.64278760968654,0.766044443118978,0.));
#2926=DIRECTION('',(0.,0.,1.));
#2927=DIRECTION('',(1.,0.,0.));
#2928=DIRECTION('',(-0.927183854566787,0.374606593415912,0.));
#2929=DIRECTION('',(0.,0.,1.));
#2930=DIRECTION('',(1.,0.,0.));
#2931=DIRECTION('',(-0.469471562785891,0.882947592858927,0.));
#2932=DIRECTION('',(0.,0.,1.));
#2933=DIRECTION('',(1.,0.,0.));
#2934=DIRECTION('',(-0.829037572555042,0.559192903470747,0.));
#2935=DIRECTION('',(0.,0.,1.));
#2936=DIRECTION('',(1.,0.,0.));
#2937=DIRECTION('',(-0.275637355816999,0.961261695938319,0.));
#2938=DIRECTION('',(0.,0.,1.));
#2939=DIRECTION('',(1.,0.,0.));
#2940=DIRECTION('',(-0.694658370458997,0.719339800338651,0.));
#2941=DIRECTION('',(0.,0.,1.));
#2942=DIRECTION('',(1.,0.,0.));
#2943=DIRECTION('',(-0.0697564737441254,0.997564050259824,0.));
#2944=DIRECTION('',(0.,0.,1.));
#2945=DIRECTION('',(1.,0.,0.));
#2946=DIRECTION('',(-0.529919264233205,0.848048096156426,0.));
#2947=DIRECTION('',(0.,0.,-1.));
#2948=DIRECTION('',(-1.,0.,0.));
#2949=DIRECTION('',(0.,0.,1.));
#2950=DIRECTION('',(1.,0.,0.));
#2951=DIRECTION('',(0.,0.,-1.));
#2952=DIRECTION('',(0.,0.,-1.));
#2953=DIRECTION('',(0.,0.,1.));
#2954=DIRECTION('',(1.,0.,0.));
#2955=DIRECTION('',(0.,0.,-1.));
#2956=DIRECTION('',(0.,0.,-1.));
#2957=DIRECTION('',(0.,0.,1.));
#2958=DIRECTION('',(1.,0.,0.));
#2959=DIRECTION('',(0.,0.,-1.));
#2960=DIRECTION('',(0.,0.,-1.));
#2961=DIRECTION('',(0.,0.,1.));
#2962=DIRECTION('',(1.,0.,0.));
#2963=DIRECTION('',(0.,0.,-1.));
#2964=DIRECTION('',(0.,0.,-1.));
#2965=DIRECTION('',(0.,0.,1.));
#2966=DIRECTION('',(1.,0.,0.));
#2967=DIRECTION('',(0.,0.,-1.));
#2968=DIRECTION('',(0.,0.,-1.));
#2969=DIRECTION('',(0.,0.,1.));
#2970=DIRECTION('',(1.,0.,0.));
#2971=DIRECTION('',(0.,0.,-1.));
#2972=DIRECTION('',(0.,0.,-1.));
#2973=DIRECTION('',(0.,0.,1.));
#2974=DIRECTION('',(1.,0.,0.));
#2975=DIRECTION('',(0.,0.,-1.));
#2976=DIRECTION('',(0.,0.,-1.));
#2977=DIRECTION('',(0.,0.,1.));
#2978=DIRECTION('',(1.,0.,0.));
#2979=DIRECTION('',(0.,0.,-1.));
#2980=DIRECTION('',(0.,0.,-1.));
#2981=DIRECTION('',(0.,0.,1.));
#2982=DIRECTION('',(1.,0.,0.));
#2983=DIRECTION('',(0.,0.,-1.));
#2984=DIRECTION('',(0.,0.,-1.));
#2985=DIRECTION('',(0.,0.,1.));
#2986=DIRECTION('',(1.,0.,0.));
#2987=DIRECTION('',(0.,0.,-1.));
#2988=DIRECTION('',(0.,0.,-1.));
#2989=DIRECTION('',(0.,0.,1.));
#2990=DIRECTION('',(1.,0.,0.));
#2991=DIRECTION('',(0.,0.,-1.));
#2992=DIRECTION('',(0.,0.,-1.));
#2993=DIRECTION('',(0.,0.,1.));
#2994=DIRECTION('',(1.,0.,0.));
#2995=DIRECTION('',(0.,0.,-1.));
#2996=DIRECTION('',(0.,0.,-1.));
#2997=DIRECTION('',(0.,0.,1.));
#2998=DIRECTION('',(1.,0.,0.));
#2999=DIRECTION('',(0.,0.,-1.));
#3000=DIRECTION('',(0.,0.,-1.));
#3001=DIRECTION('',(0.,0.,1.));
#3002=DIRECTION('',(1.,0.,0.));
#3003=DIRECTION('',(0.,0.,-1.));
#3004=DIRECTION('',(0.,0.,-1.));
#3005=DIRECTION('',(0.,0.,1.));
#3006=DIRECTION('',(1.,0.,0.));
#3007=DIRECTION('',(0.,0.,-1.));
#3008=DIRECTION('',(0.,0.,-1.));
#3009=DIRECTION('',(0.,0.,1.));
#3010=DIRECTION('',(1.,0.,0.));
#3011=DIRECTION('',(0.,0.,-1.));
#3012=DIRECTION('',(0.,0.,-1.));
#3013=DIRECTION('',(0.,0.,1.));
#3014=DIRECTION('',(1.,0.,0.));
#3015=DIRECTION('',(0.,0.,-1.));
#3016=DIRECTION('',(0.,0.,-1.));
#3017=DIRECTION('',(0.,0.,1.));
#3018=DIRECTION('',(1.,0.,0.));
#3019=DIRECTION('',(0.,0.,-1.));
#3020=DIRECTION('',(0.,0.,-1.));
#3021=DIRECTION('',(0.,0.,1.));
#3022=DIRECTION('',(1.,0.,0.));
#3023=DIRECTION('',(0.,0.,-1.));
#3024=DIRECTION('',(0.,0.,-1.));
#3025=DIRECTION('',(0.,0.,1.));
#3026=DIRECTION('',(1.,0.,0.));
#3027=DIRECTION('',(0.,0.,-1.));
#3028=DIRECTION('',(0.,0.,-1.));
#3029=DIRECTION('',(0.,0.,1.));
#3030=DIRECTION('',(1.,0.,0.));
#3031=DIRECTION('',(0.,0.,-1.));
#3032=DIRECTION('',(0.,0.,-1.));
#3033=DIRECTION('',(0.,0.,1.));
#3034=DIRECTION('',(1.,0.,0.));
#3035=DIRECTION('',(0.,0.,-1.));
#3036=DIRECTION('',(0.,0.,-1.));
#3037=DIRECTION('',(0.,0.,1.));
#3038=DIRECTION('',(1.,0.,0.));
#3039=DIRECTION('',(0.,0.,-1.));
#3040=DIRECTION('',(0.,0.,-1.));
#3041=DIRECTION('',(0.,0.,1.));
#3042=DIRECTION('',(1.,0.,0.));
#3043=DIRECTION('',(0.,0.,-1.));
#3044=DIRECTION('',(0.,0.,-1.));
#3045=DIRECTION('',(0.,0.,1.));
#3046=DIRECTION('',(1.,0.,0.));
#3047=DIRECTION('',(0.,0.,-1.));
#3048=DIRECTION('',(0.,0.,-1.));
#3049=DIRECTION('',(0.,0.,1.));
#3050=DIRECTION('',(1.,0.,0.));
#3051=DIRECTION('',(0.,0.,-1.));
#3052=DIRECTION('',(0.,0.,-1.));
#3053=DIRECTION('',(0.,0.,1.));
#3054=DIRECTION('',(1.,0.,0.));
#3055=DIRECTION('',(0.,0.,-1.));
#3056=DIRECTION('',(0.,0.,-1.));
#3057=DIRECTION('',(0.,0.,1.));
#3058=DIRECTION('',(1.,0.,0.));
#3059=DIRECTION('',(0.,0.,-1.));
#3060=DIRECTION('',(0.,0.,-1.));
#3061=DIRECTION('',(0.,0.,1.));
#3062=DIRECTION('',(1.,0.,0.));
#3063=DIRECTION('',(0.,0.,-1.));
#3064=DIRECTION('',(0.,0.,-1.));
#3065=DIRECTION('',(0.,0.,1.));
#3066=DIRECTION('',(1.,0.,0.));
#3067=DIRECTION('',(0.,0.,-1.));
#3068=DIRECTION('',(0.,0.,-1.));
#3069=DIRECTION('',(0.,0.,1.));
#3070=DIRECTION('',(1.,0.,0.));
#3071=DIRECTION('',(0.,0.,1.));
#3072=DIRECTION('',(1.,0.,0.));
#3073=DIRECTION('',(0.,0.,1.));
#3074=DIRECTION('',(1.,0.,0.));
#3075=DIRECTION('',(0.,0.,-1.));
#3076=DIRECTION('',(-1.,0.,0.));
#3077=DIRECTION('',(0.,0.,1.));
#3078=DIRECTION('',(1.,0.,0.));
#3079=DIRECTION('',(0.,0.,1.));
#3080=DIRECTION('',(1.,0.,0.));
#3081=DIRECTION('',(0.,-1.,0.));
#3082=DIRECTION('',(0.,0.,-1.));
#3083=DIRECTION('',(-0.034899496702501,-0.999390827019096,0.));
#3084=DIRECTION('',(0.999390827019096,-0.034899496702501,0.));
#3085=DIRECTION('',(0.,0.,-1.));
#3086=DIRECTION('',(-0.999390827019096,0.034899496702501,0.));
#3087=DIRECTION('',(0.615661475325659,-0.788010753606722,0.));
#3088=DIRECTION('',(0.788010753606722,0.615661475325659,0.));
#3089=DIRECTION('',(-0.788010753606722,-0.615661475325659,0.));
#3090=DIRECTION('',(0.,0.,-1.));
#3091=DIRECTION('',(0.,0.,-1.));
#3092=DIRECTION('',(-1.,0.,0.));
#3093=DIRECTION('',(0.,0.,1.));
#3094=DIRECTION('',(1.,0.,0.));
#3095=DIRECTION('',(0.,0.,1.));
#3096=DIRECTION('',(1.,0.,0.));
#3097=DIRECTION('',(0.939692620785908,-0.342020143325669,0.));
#3098=DIRECTION('',(0.342020143325669,0.939692620785908,0.));
#3099=DIRECTION('',(0.,0.,-1.));
#3100=DIRECTION('',(-0.342020143325669,-0.939692620785908,0.));
#3101=DIRECTION('',(0.939692620785908,0.342020143325669,0.));
#3102=DIRECTION('',(-0.342020143325669,0.939692620785908,0.));
#3103=DIRECTION('',(0.342020143325669,-0.939692620785908,0.));
#3104=DIRECTION('',(0.,0.,-1.));
#3105=DIRECTION('',(0.,0.,-1.));
#3106=DIRECTION('',(-1.,0.,0.));
#3107=DIRECTION('',(0.,0.,1.));
#3108=DIRECTION('',(1.,0.,0.));
#3109=DIRECTION('',(0.,0.,1.));
#3110=DIRECTION('',(1.,0.,0.));
#3111=DIRECTION('',(0.99026806874157,-0.139173100960066,0.));
#3112=DIRECTION('',(0.139173100960066,0.99026806874157,0.));
#3113=DIRECTION('',(0.,0.,-1.));
#3114=DIRECTION('',(-0.139173100960066,-0.99026806874157,0.));
#3115=DIRECTION('',(0.848048096156426,0.529919264233205,0.));
#3116=DIRECTION('',(-0.529919264233205,0.848048096156426,0.));
#3117=DIRECTION('',(0.529919264233205,-0.848048096156426,0.));
#3118=DIRECTION('',(0.,0.,-1.));
#3119=DIRECTION('',(0.,0.,-1.));
#3120=DIRECTION('',(-1.,0.,0.));
#3121=DIRECTION('',(0.,0.,1.));
#3122=DIRECTION('',(1.,0.,0.));
#3123=DIRECTION('',(0.,0.,1.));
#3124=DIRECTION('',(1.,0.,0.));
#3125=DIRECTION('',(0.997564050259824,0.069756473744125,0.));
#3126=DIRECTION('',(-0.069756473744125,0.997564050259824,0.));
#3127=DIRECTION('',(0.,0.,-1.));
#3128=DIRECTION('',(0.069756473744125,-0.997564050259824,0.));
#3129=DIRECTION('',(0.719339800338651,0.694658370458997,0.));
#3130=DIRECTION('',(-0.694658370458997,0.719339800338651,0.));
#3131=DIRECTION('',(0.694658370458997,-0.719339800338651,0.));
#3132=DIRECTION('',(0.,0.,-1.));
#3133=DIRECTION('',(0.,0.,-1.));
#3134=DIRECTION('',(-1.,0.,0.));
#3135=DIRECTION('',(0.,0.,1.));
#3136=DIRECTION('',(1.,0.,0.));
#3137=DIRECTION('',(0.,0.,1.));
#3138=DIRECTION('',(1.,0.,0.));
#3139=DIRECTION('',(0.961261695938319,0.275637355816999,0.));
#3140=DIRECTION('',(-0.275637355816999,0.961261695938319,0.));
#3141=DIRECTION('',(0.,0.,-1.));
#3142=DIRECTION('',(0.275637355816999,-0.961261695938319,0.));
#3143=DIRECTION('',(0.559192903470747,0.829037572555042,0.));
#3144=DIRECTION('',(-0.829037572555042,0.559192903470747,0.));
#3145=DIRECTION('',(0.829037572555042,-0.559192903470747,0.));
#3146=DIRECTION('',(0.,0.,-1.));
#3147=DIRECTION('',(0.,0.,-1.));
#3148=DIRECTION('',(-1.,0.,0.));
#3149=DIRECTION('',(0.,0.,1.));
#3150=DIRECTION('',(1.,0.,0.));
#3151=DIRECTION('',(0.,0.,1.));
#3152=DIRECTION('',(1.,0.,0.));
#3153=DIRECTION('',(0.766044443118979,0.642787609686539,0.));
#3154=DIRECTION('',(-0.642787609686539,0.766044443118979,0.));
#3155=DIRECTION('',(0.,0.,-1.));
#3156=DIRECTION('',(0.642787609686539,-0.766044443118979,0.));
#3157=DIRECTION('',(0.17364817766693,0.984807753012208,0.));
#3158=DIRECTION('',(-0.984807753012208,0.17364817766693,0.));
#3159=DIRECTION('',(0.984807753012208,-0.17364817766693,0.));
#3160=DIRECTION('',(0.,0.,-1.));
#3161=DIRECTION('',(0.,0.,-1.));
#3162=DIRECTION('',(-1.,0.,0.));
#3163=DIRECTION('',(0.,0.,1.));
#3164=DIRECTION('',(1.,0.,0.));
#3165=DIRECTION('',(0.,0.,1.));
#3166=DIRECTION('',(1.,0.,0.));
#3167=DIRECTION('',(0.882947592858927,0.469471562785891,0.));
#3168=DIRECTION('',(-0.469471562785891,0.882947592858927,0.));
#3169=DIRECTION('',(0.,0.,-1.));
#3170=DIRECTION('',(0.469471562785891,-0.882947592858927,0.));
#3171=DIRECTION('',(0.374606593415912,0.927183854566787,0.));
#3172=DIRECTION('',(-0.927183854566788,0.374606593415912,0.));
#3173=DIRECTION('',(0.927183854566787,-0.374606593415912,0.));
#3174=DIRECTION('',(0.,0.,-1.));
#3175=DIRECTION('',(0.,0.,-1.));
#3176=DIRECTION('',(-1.,0.,0.));
#3177=DIRECTION('',(0.,0.,1.));
#3178=DIRECTION('',(1.,0.,0.));
#3179=DIRECTION('',(0.,0.,1.));
#3180=DIRECTION('',(1.,0.,0.));
#3181=DIRECTION('',(0.615661475325659,0.788010753606722,0.));
#3182=DIRECTION('',(-0.788010753606722,0.615661475325659,0.));
#3183=DIRECTION('',(0.,0.,-1.));
#3184=DIRECTION('',(0.788010753606722,-0.615661475325658,0.));
#3185=DIRECTION('',(-0.034899496702501,0.999390827019096,0.));
#3186=DIRECTION('',(-0.999390827019096,-0.034899496702501,0.));
#3187=DIRECTION('',(0.999390827019096,0.034899496702501,0.));
#3188=DIRECTION('',(0.,0.,-1.));
#3189=DIRECTION('',(0.,0.,-1.));
#3190=DIRECTION('',(-1.,0.,0.));
#3191=DIRECTION('',(0.,0.,1.));
#3192=DIRECTION('',(1.,0.,0.));
#3193=DIRECTION('',(0.,0.,1.));
#3194=DIRECTION('',(1.,0.,0.));
#3195=DIRECTION('',(-0.241921895599667,0.970295726275997,0.));
#3196=DIRECTION('',(-0.970295726275997,-0.241921895599667,0.));
#3197=DIRECTION('',(0.970295726275997,0.241921895599667,0.));
#3198=DIRECTION('',(0.,0.,-1.));
#3199=DIRECTION('',(0.,0.,-1.));
#3200=DIRECTION('',(-1.,0.,0.));
#3201=DIRECTION('',(0.,0.,1.));
#3202=DIRECTION('',(1.,0.,0.));
#3203=DIRECTION('',(0.,0.,-1.));
#3204=DIRECTION('',(0.438371146789078,0.898794046299167,0.));
#3205=DIRECTION('',(-0.898794046299167,0.438371146789078,0.));
#3206=DIRECTION('',(0.898794046299167,-0.438371146789078,0.));
#3207=DIRECTION('',(0.,0.,1.));
#3208=DIRECTION('',(1.,0.,0.));
#3209=DIRECTION('',(0.,0.,-1.));
#3210=DIRECTION('',(-1.,0.,0.));
#3211=DIRECTION('',(0.,0.,1.));
#3212=DIRECTION('',(1.,0.,0.));
#3213=DIRECTION('',(0.,0.,1.));
#3214=DIRECTION('',(1.,0.,0.));
#3215=DIRECTION('',(0.17364817766693,-0.984807753012208,0.));
#3216=DIRECTION('',(0.984807753012208,0.17364817766693,0.));
#3217=DIRECTION('',(0.,0.,-1.));
#3218=DIRECTION('',(-0.984807753012208,-0.17364817766693,0.));
#3219=DIRECTION('',(0.766044443118978,-0.642787609686539,0.));
#3220=DIRECTION('',(0.642787609686539,0.766044443118978,0.));
#3221=DIRECTION('',(-0.642787609686539,-0.766044443118978,0.));
#3222=DIRECTION('',(0.,0.,-1.));
#3223=DIRECTION('',(0.,0.,-1.));
#3224=DIRECTION('',(-1.,0.,0.));
#3225=DIRECTION('',(0.,0.,1.));
#3226=DIRECTION('',(1.,0.,0.));
#3227=DIRECTION('',(0.,0.,1.));
#3228=DIRECTION('',(1.,0.,0.));
#3229=DIRECTION('',(0.559192903470747,-0.829037572555041,0.));
#3230=DIRECTION('',(0.829037572555042,0.559192903470747,0.));
#3231=DIRECTION('',(0.,0.,-1.));
#3232=DIRECTION('',(-0.829037572555042,-0.559192903470747,0.));
#3233=DIRECTION('',(0.961261695938319,-0.275637355816999,0.));
#3234=DIRECTION('',(0.275637355816999,0.961261695938319,0.));
#3235=DIRECTION('',(-0.275637355816999,-0.961261695938319,0.));
#3236=DIRECTION('',(0.,0.,-1.));
#3237=DIRECTION('',(0.,0.,-1.));
#3238=DIRECTION('',(-1.,0.,0.));
#3239=DIRECTION('',(0.,0.,1.));
#3240=DIRECTION('',(1.,0.,0.));
#3241=DIRECTION('',(0.,0.,1.));
#3242=DIRECTION('',(1.,0.,0.));
#3243=DIRECTION('',(0.374606593415912,-0.927183854566787,0.));
#3244=DIRECTION('',(0.927183854566788,0.374606593415912,0.));
#3245=DIRECTION('',(0.,0.,-1.));
#3246=DIRECTION('',(-0.927183854566788,-0.374606593415912,0.));
#3247=DIRECTION('',(0.882947592858927,-0.469471562785891,0.));
#3248=DIRECTION('',(0.469471562785891,0.882947592858927,0.));
#3249=DIRECTION('',(-0.469471562785891,-0.882947592858927,0.));
#3250=DIRECTION('',(0.,0.,-1.));
#3251=DIRECTION('',(0.,0.,-1.));
#3252=DIRECTION('',(-1.,0.,0.));
#3253=DIRECTION('',(0.,0.,1.));
#3254=DIRECTION('',(1.,0.,0.));
#3255=DIRECTION('',(0.,0.,1.));
#3256=DIRECTION('',(1.,0.,0.));
#3257=DIRECTION('',(0.719339800338651,-0.694658370458997,0.));
#3258=DIRECTION('',(0.694658370458997,0.719339800338651,0.));
#3259=DIRECTION('',(0.,0.,-1.));
#3260=DIRECTION('',(-0.694658370458997,-0.719339800338651,0.));
#3261=DIRECTION('',(0.997564050259824,-0.0697564737441255,0.));
#3262=DIRECTION('',(0.0697564737441255,0.997564050259824,0.));
#3263=DIRECTION('',(-0.0697564737441255,-0.997564050259824,0.));
#3264=DIRECTION('',(0.,0.,-1.));
#3265=DIRECTION('',(0.,0.,-1.));
#3266=DIRECTION('',(-1.,0.,0.));
#3267=DIRECTION('',(0.,0.,1.));
#3268=DIRECTION('',(1.,0.,0.));
#3269=DIRECTION('',(0.,0.,1.));
#3270=DIRECTION('',(1.,0.,0.));
#3271=DIRECTION('',(0.848048096156426,-0.529919264233205,0.));
#3272=DIRECTION('',(0.529919264233205,0.848048096156426,0.));
#3273=DIRECTION('',(0.,0.,-1.));
#3274=DIRECTION('',(-0.529919264233205,-0.848048096156426,0.));
#3275=DIRECTION('',(0.99026806874157,0.139173100960065,0.));
#3276=DIRECTION('',(-0.139173100960065,0.99026806874157,0.));
#3277=DIRECTION('',(0.139173100960065,-0.99026806874157,0.));
#3278=DIRECTION('',(0.,0.,-1.));
#3279=DIRECTION('',(0.,0.,-1.));
#3280=DIRECTION('',(-1.,0.,0.));
#3281=DIRECTION('',(0.,0.,1.));
#3282=DIRECTION('',(1.,0.,0.));
#3283=DIRECTION('',(0.,0.,1.));
#3284=DIRECTION('',(1.,0.,0.));
#3285=DIRECTION('',(-0.939692620785908,0.342020143325668,0.));
#3286=DIRECTION('',(-0.342020143325668,-0.939692620785908,0.));
#3287=DIRECTION('',(0.,0.,-1.));
#3288=DIRECTION('',(0.342020143325668,0.939692620785908,0.));
#3289=DIRECTION('',(-0.939692620785908,-0.342020143325669,0.));
#3290=DIRECTION('',(0.342020143325669,-0.939692620785908,0.));
#3291=DIRECTION('',(-0.342020143325669,0.939692620785908,0.));
#3292=DIRECTION('',(0.,0.,-1.));
#3293=DIRECTION('',(0.,0.,-1.));
#3294=DIRECTION('',(-1.,0.,0.));
#3295=DIRECTION('',(0.,0.,1.));
#3296=DIRECTION('',(1.,0.,0.));
#3297=DIRECTION('',(0.,0.,1.));
#3298=DIRECTION('',(1.,0.,0.));
#3299=DIRECTION('',(-0.848048096156426,0.529919264233205,0.));
#3300=DIRECTION('',(-0.529919264233205,-0.848048096156426,0.));
#3301=DIRECTION('',(0.,0.,-1.));
#3302=DIRECTION('',(0.529919264233205,0.848048096156426,0.));
#3303=DIRECTION('',(-0.99026806874157,-0.139173100960066,0.));
#3304=DIRECTION('',(0.139173100960066,-0.99026806874157,0.));
#3305=DIRECTION('',(-0.139173100960066,0.99026806874157,0.));
#3306=DIRECTION('',(0.,0.,-1.));
#3307=DIRECTION('',(0.,0.,-1.));
#3308=DIRECTION('',(-1.,0.,0.));
#3309=DIRECTION('',(0.,0.,1.));
#3310=DIRECTION('',(1.,0.,0.));
#3311=DIRECTION('',(0.,0.,1.));
#3312=DIRECTION('',(1.,0.,0.));
#3313=DIRECTION('',(-0.719339800338651,0.694658370458998,0.));
#3314=DIRECTION('',(-0.694658370458998,-0.719339800338651,0.));
#3315=DIRECTION('',(0.,0.,-1.));
#3316=DIRECTION('',(0.694658370458998,0.719339800338651,0.));
#3317=DIRECTION('',(-0.997564050259824,0.069756473744126,0.));
#3318=DIRECTION('',(-0.069756473744126,-0.997564050259824,0.));
#3319=DIRECTION('',(0.069756473744126,0.997564050259824,0.));
#3320=DIRECTION('',(0.,0.,-1.));
#3321=DIRECTION('',(0.,0.,-1.));
#3322=DIRECTION('',(-1.,0.,0.));
#3323=DIRECTION('',(0.,0.,1.));
#3324=DIRECTION('',(1.,0.,0.));
#3325=DIRECTION('',(0.,0.,1.));
#3326=DIRECTION('',(1.,0.,0.));
#3327=DIRECTION('',(-0.559192903470747,0.829037572555042,0.));
#3328=DIRECTION('',(-0.829037572555042,-0.559192903470747,0.));
#3329=DIRECTION('',(0.,0.,-1.));
#3330=DIRECTION('',(0.829037572555042,0.559192903470747,0.));
#3331=DIRECTION('',(-0.961261695938319,0.275637355816999,0.));
#3332=DIRECTION('',(-0.275637355816999,-0.961261695938319,0.));
#3333=DIRECTION('',(0.275637355816999,0.961261695938319,0.));
#3334=DIRECTION('',(0.,0.,-1.));
#3335=DIRECTION('',(0.,0.,-1.));
#3336=DIRECTION('',(-1.,0.,0.));
#3337=DIRECTION('',(0.,0.,1.));
#3338=DIRECTION('',(1.,0.,0.));
#3339=DIRECTION('',(0.,0.,1.));
#3340=DIRECTION('',(1.,0.,0.));
#3341=DIRECTION('',(-0.173648177666929,0.984807753012208,0.));
#3342=DIRECTION('',(-0.984807753012208,-0.173648177666929,0.));
#3343=DIRECTION('',(0.,0.,-1.));
#3344=DIRECTION('',(0.984807753012208,0.173648177666929,0.));
#3345=DIRECTION('',(-0.766044443118978,0.64278760968654,0.));
#3346=DIRECTION('',(-0.64278760968654,-0.766044443118978,0.));
#3347=DIRECTION('',(0.64278760968654,0.766044443118978,0.));
#3348=DIRECTION('',(0.,0.,-1.));
#3349=DIRECTION('',(0.,0.,-1.));
#3350=DIRECTION('',(-1.,0.,0.));
#3351=DIRECTION('',(0.,0.,1.));
#3352=DIRECTION('',(1.,0.,0.));
#3353=DIRECTION('',(0.,0.,1.));
#3354=DIRECTION('',(1.,0.,0.));
#3355=DIRECTION('',(-0.374606593415912,0.927183854566788,0.));
#3356=DIRECTION('',(-0.927183854566788,-0.374606593415912,0.));
#3357=DIRECTION('',(0.,0.,-1.));
#3358=DIRECTION('',(0.927183854566788,0.374606593415912,0.));
#3359=DIRECTION('',(-0.882947592858927,0.469471562785891,0.));
#3360=DIRECTION('',(-0.469471562785891,-0.882947592858927,0.));
#3361=DIRECTION('',(0.469471562785891,0.882947592858927,0.));
#3362=DIRECTION('',(0.,0.,-1.));
#3363=DIRECTION('',(0.,0.,-1.));
#3364=DIRECTION('',(-1.,0.,0.));
#3365=DIRECTION('',(0.,0.,1.));
#3366=DIRECTION('',(1.,0.,0.));
#3367=DIRECTION('',(0.,0.,1.));
#3368=DIRECTION('',(1.,0.,0.));
#3369=DIRECTION('',(0.034899496702501,0.999390827019096,0.));
#3370=DIRECTION('',(-0.999390827019096,0.034899496702501,0.));
#3371=DIRECTION('',(0.,0.,-1.));
#3372=DIRECTION('',(0.999390827019096,-0.034899496702501,0.));
#3373=DIRECTION('',(-0.615661475325658,0.788010753606722,0.));
#3374=DIRECTION('',(-0.788010753606722,-0.615661475325658,0.));
#3375=DIRECTION('',(0.788010753606722,0.615661475325658,0.));
#3376=DIRECTION('',(0.,0.,-1.));
#3377=DIRECTION('',(0.,0.,-1.));
#3378=DIRECTION('',(-1.,0.,0.));
#3379=DIRECTION('',(0.,0.,1.));
#3380=DIRECTION('',(1.,0.,0.));
#3381=DIRECTION('',(0.,0.,1.));
#3382=DIRECTION('',(1.,0.,0.));
#3383=DIRECTION('',(0.241921895599668,0.970295726275996,0.));
#3384=DIRECTION('',(-0.970295726275996,0.241921895599668,0.));
#3385=DIRECTION('',(0.,0.,-1.));
#3386=DIRECTION('',(0.970295726275996,-0.241921895599668,0.));
#3387=DIRECTION('',(-0.438371146789077,0.898794046299167,0.));
#3388=DIRECTION('',(-0.898794046299167,-0.438371146789078,0.));
#3389=DIRECTION('',(0.898794046299167,0.438371146789077,0.));
#3390=DIRECTION('',(0.,0.,-1.));
#3391=DIRECTION('',(0.,0.,-1.));
#3392=DIRECTION('',(-1.,0.,0.));
#3393=DIRECTION('',(0.,0.,1.));
#3394=DIRECTION('',(1.,0.,0.));
#3395=DIRECTION('',(0.,0.,1.));
#3396=DIRECTION('',(1.,0.,0.));
#3397=DIRECTION('',(-0.241921895599668,-0.970295726275996,0.));
#3398=DIRECTION('',(0.970295726275997,-0.241921895599668,0.));
#3399=DIRECTION('',(0.,0.,-1.));
#3400=DIRECTION('',(-0.970295726275996,0.241921895599668,0.));
#3401=DIRECTION('',(0.438371146789078,-0.898794046299167,0.));
#3402=DIRECTION('',(0.898794046299167,0.438371146789078,0.));
#3403=DIRECTION('',(-0.898794046299167,-0.438371146789078,0.));
#3404=DIRECTION('',(0.,0.,-1.));
#3405=DIRECTION('',(0.,0.,-1.));
#3406=DIRECTION('',(-1.,0.,0.));
#3407=DIRECTION('',(0.,0.,1.));
#3408=DIRECTION('',(1.,0.,0.));
#3409=DIRECTION('',(0.,0.,1.));
#3410=DIRECTION('',(1.,0.,0.));
#3411=DIRECTION('',(-0.438371146789078,-0.898794046299167,0.));
#3412=DIRECTION('',(0.898794046299167,-0.438371146789078,0.));
#3413=DIRECTION('',(0.,0.,-1.));
#3414=DIRECTION('',(-0.898794046299167,0.438371146789078,0.));
#3415=DIRECTION('',(0.241921895599668,-0.970295726275996,0.));
#3416=DIRECTION('',(0.970295726275997,0.241921895599668,0.));
#3417=DIRECTION('',(-0.970295726275996,-0.241921895599668,0.));
#3418=DIRECTION('',(0.,0.,-1.));
#3419=DIRECTION('',(0.,0.,-1.));
#3420=DIRECTION('',(-1.,0.,0.));
#3421=DIRECTION('',(0.,0.,1.));
#3422=DIRECTION('',(1.,0.,0.));
#3423=DIRECTION('',(0.,0.,1.));
#3424=DIRECTION('',(1.,0.,0.));
#3425=DIRECTION('',(-0.615661475325658,-0.788010753606722,0.));
#3426=DIRECTION('',(0.788010753606722,-0.615661475325659,0.));
#3427=DIRECTION('',(0.,0.,-1.));
#3428=DIRECTION('',(-0.788010753606722,0.615661475325659,0.));
#3429=DIRECTION('',(0.034899496702501,-0.999390827019096,0.));
#3430=DIRECTION('',(0.999390827019096,0.034899496702501,0.));
#3431=DIRECTION('',(-0.999390827019096,-0.034899496702501,0.));
#3432=DIRECTION('',(0.,0.,-1.));
#3433=DIRECTION('',(0.,0.,-1.));
#3434=DIRECTION('',(-1.,0.,0.));
#3435=DIRECTION('',(0.,0.,1.));
#3436=DIRECTION('',(1.,0.,0.));
#3437=DIRECTION('',(0.,0.,1.));
#3438=DIRECTION('',(1.,0.,0.));
#3439=DIRECTION('',(-0.766044443118978,-0.642787609686539,0.));
#3440=DIRECTION('',(0.642787609686539,-0.766044443118978,0.));
#3441=DIRECTION('',(0.,0.,-1.));
#3442=DIRECTION('',(-0.64278760968654,0.766044443118978,0.));
#3443=DIRECTION('',(-0.17364817766693,-0.984807753012208,0.));
#3444=DIRECTION('',(0.984807753012208,-0.17364817766693,0.));
#3445=DIRECTION('',(-0.984807753012208,0.17364817766693,0.));
#3446=DIRECTION('',(0.,0.,-1.));
#3447=DIRECTION('',(0.,0.,-1.));
#3448=DIRECTION('',(-1.,0.,0.));
#3449=DIRECTION('',(0.,0.,1.));
#3450=DIRECTION('',(1.,0.,0.));
#3451=DIRECTION('',(0.,0.,1.));
#3452=DIRECTION('',(1.,0.,0.));
#3453=DIRECTION('',(-0.961261695938319,-0.275637355816999,0.));
#3454=DIRECTION('',(0.275637355816999,-0.961261695938319,0.));
#3455=DIRECTION('',(0.,0.,-1.));
#3456=DIRECTION('',(-0.275637355816999,0.961261695938319,0.));
#3457=DIRECTION('',(-0.559192903470747,-0.829037572555042,0.));
#3458=DIRECTION('',(0.829037572555042,-0.559192903470747,0.));
#3459=DIRECTION('',(-0.829037572555042,0.559192903470747,0.));
#3460=DIRECTION('',(0.,0.,-1.));
#3461=DIRECTION('',(0.,0.,-1.));
#3462=DIRECTION('',(-1.,0.,0.));
#3463=DIRECTION('',(0.,0.,1.));
#3464=DIRECTION('',(1.,0.,0.));
#3465=DIRECTION('',(0.,0.,1.));
#3466=DIRECTION('',(1.,0.,0.));
#3467=DIRECTION('',(-0.882947592858927,-0.469471562785891,0.));
#3468=DIRECTION('',(0.469471562785891,-0.882947592858927,0.));
#3469=DIRECTION('',(0.,0.,-1.));
#3470=DIRECTION('',(-0.469471562785891,0.882947592858927,0.));
#3471=DIRECTION('',(-0.374606593415912,-0.927183854566787,0.));
#3472=DIRECTION('',(0.927183854566788,-0.374606593415912,0.));
#3473=DIRECTION('',(-0.927183854566787,0.374606593415912,0.));
#3474=DIRECTION('',(0.,0.,-1.));
#3475=DIRECTION('',(0.,0.,-1.));
#3476=DIRECTION('',(-1.,0.,0.));
#3477=DIRECTION('',(0.,0.,1.));
#3478=DIRECTION('',(1.,0.,0.));
#3479=DIRECTION('',(0.,0.,1.));
#3480=DIRECTION('',(1.,0.,0.));
#3481=DIRECTION('',(-0.997564050259824,-0.0697564737441254,0.));
#3482=DIRECTION('',(0.0697564737441254,-0.997564050259824,0.));
#3483=DIRECTION('',(0.,0.,-1.));
#3484=DIRECTION('',(-0.0697564737441254,0.997564050259824,0.));
#3485=DIRECTION('',(-0.719339800338651,-0.694658370458997,0.));
#3486=DIRECTION('',(0.694658370458997,-0.719339800338651,0.));
#3487=DIRECTION('',(-0.694658370458997,0.719339800338651,0.));
#3488=DIRECTION('',(0.,0.,-1.));
#3489=DIRECTION('',(0.,0.,-1.));
#3490=DIRECTION('',(-1.,0.,0.));
#3491=DIRECTION('',(0.,0.,1.));
#3492=DIRECTION('',(1.,0.,0.));
#3493=DIRECTION('',(0.,0.,1.));
#3494=DIRECTION('',(1.,0.,0.));
#3495=DIRECTION('',(-0.99026806874157,0.139173100960065,0.));
#3496=DIRECTION('',(-0.139173100960065,-0.99026806874157,0.));
#3497=DIRECTION('',(0.,0.,-1.));
#3498=DIRECTION('',(0.139173100960065,0.99026806874157,0.));
#3499=DIRECTION('',(-0.848048096156426,-0.529919264233205,0.));
#3500=DIRECTION('',(0.529919264233205,-0.848048096156426,0.));
#3501=DIRECTION('',(-0.529919264233205,0.848048096156426,0.));
#3502=DIRECTION('',(0.,0.,-1.));
#3503=DIRECTION('',(0.,0.,-1.));
#3504=DIRECTION('',(-1.,0.,0.));
#3505=DIRECTION('',(0.,0.,1.));
#3506=DIRECTION('',(1.,0.,0.));
#3507=DIRECTION('',(0.,0.,1.));
#3508=DIRECTION('',(1.,0.,0.));
#3509=CARTESIAN_POINT('',(0.,0.,0.));
#3510=CARTESIAN_POINT('',(0.,0.,0.));
#3511=CARTESIAN_POINT('',(0.,1.22464679914735E-19,0.));
#3512=CARTESIAN_POINT('',(0.002,1.22464679914735E-19,0.));
#3513=CARTESIAN_POINT('',(1.80308242295202E-15,-8.98890337164282E-15,0.));
#3514=CARTESIAN_POINT('',(-0.000816860121633637,0.00401780282513773,0.));
#3515=CARTESIAN_POINT('',(-0.000887948779989192,0.00400269246434394,0.));
#3516=CARTESIAN_POINT('',(-0.000751158031041622,0.0044852974912335,0.));
#3517=CARTESIAN_POINT('',(-0.000685455940449606,0.00495279215732927,0.));
#3518=CARTESIAN_POINT('',(-1.07552855510562E-16,-2.85958322993052E-18,0.));
#3519=CARTESIAN_POINT('',(-0.000359266308139752,0.00498707606918479,0.));
#3520=CARTESIAN_POINT('',(-0.000197802359387719,0.00454345751593261,0.));
#3521=CARTESIAN_POINT('',(-3.63384106356877E-5,0.00409983896268042,0.));
#3522=CARTESIAN_POINT('',(-6.64073830647371E-19,1.6909217082084E-15,0.));
#3523=CARTESIAN_POINT('',(3.63384106356864E-5,0.00409983896268042,0.));
#3524=CARTESIAN_POINT('',(0.000197802359387719,0.00454345751593261,0.));
#3525=CARTESIAN_POINT('',(0.000359266308139751,0.00498707606918479,0.));
#3526=CARTESIAN_POINT('',(-1.07552855510562E-16,-2.85958322993052E-18,0.));
#3527=CARTESIAN_POINT('',(0.000685455940449605,0.00495279215732927,0.));
#3528=CARTESIAN_POINT('',(0.000751158031041622,0.0044852974912335,0.));
#3529=CARTESIAN_POINT('',(0.000816860121633637,0.00401780282513773,0.));
#3530=CARTESIAN_POINT('',(-1.80454609588488E-15,-8.99410754207075E-15,0.));
#3531=CARTESIAN_POINT('',(0.000887948779989192,0.00400269246434394,0.));
#3532=CARTESIAN_POINT('',(0.00113811783755079,0.00440304664525742,0.));
#3533=CARTESIAN_POINT('',(0.00138828689511238,0.00480340082617089,0.));
#3534=CARTESIAN_POINT('',(-1.07552855510562E-16,-2.85958322993052E-18,0.));
#3535=CARTESIAN_POINT('',(0.00170022047525878,0.00470204746206488,0.));
#3536=CARTESIAN_POINT('',(0.0016672892110583,0.0042311084433222,0.));
#3537=CARTESIAN_POINT('',(0.00163435794685783,0.00376016942457952,0.));
#3538=CARTESIAN_POINT('',(-4.34353074341143E-15,-9.81549910794577E-15,0.));
#3539=CARTESIAN_POINT('',(0.00170075152680619,0.00373060909826618,0.));
#3540=CARTESIAN_POINT('',(0.00202869210491758,0.00407020150802253,0.));
#3541=CARTESIAN_POINT('',(0.00235663268302898,0.00440979391777889,0.));
#3542=CARTESIAN_POINT('',(-1.07552855510562E-16,-2.85958322993052E-18,0.));
#3543=CARTESIAN_POINT('',(0.00264067721673614,0.00424580072978121,0.));
#3544=CARTESIAN_POINT('',(0.00251055185201045,0.00379199965332682,0.));
#3545=CARTESIAN_POINT('',(0.00238042648728478,0.00333819857687242,0.));
#3546=CARTESIAN_POINT('',(-6.08692783676812E-15,-8.376979665492E-15,0.));
#3547=CARTESIAN_POINT('',(0.00243922327079047,0.00329548021314561,0.));
#3548=CARTESIAN_POINT('',(0.00283060279255471,0.0035594690338933,0.));
#3549=CARTESIAN_POINT('',(0.00322198231431894,0.003823457854641,0.));
#3550=CARTESIAN_POINT('',(-1.07552855510562E-16,-2.85958322993052E-18,0.));
#3551=CARTESIAN_POINT('',(0.00346572369246696,0.00360399213199379,0.));
#3552=CARTESIAN_POINT('',(0.00324409133006537,0.0031871622824479,0.));
#3553=CARTESIAN_POINT('',(0.00302245896766379,0.002770332432902,0.));
#3554=CARTESIAN_POINT('',(-6.13007908323304E-15,-5.50145866362595E-15,0.));
#3555=CARTESIAN_POINT('',(0.00307108925314934,0.00271632302924204,0.));
#3556=CARTESIAN_POINT('',(0.00350880255541801,0.00289317068275549,0.));
#3557=CARTESIAN_POINT('',(0.00394651585768668,0.00307001833626894,0.));
#3558=CARTESIAN_POINT('',(-1.07552855510562E-16,-2.85958322993052E-18,0.));
#3559=CARTESIAN_POINT('',(0.0041393014124496,0.00280467178416526,0.));
#3560=CARTESIAN_POINT('',(0.00383584845011912,0.00244303062612456,0.));
#3561=CARTESIAN_POINT('',(0.00353239548778865,0.00208138946808387,0.));
#3562=CARTESIAN_POINT('',(-6.85541033662585E-15,-3.97685356867683E-15,0.));
#3563=CARTESIAN_POINT('',(0.00356873389842433,0.00201844949459655,0.));
#3564=CARTESIAN_POINT('',(0.00403365080950684,0.00210042688980804,0.));
#3565=CARTESIAN_POINT('',(0.00449856772058935,0.00218240428501952,0.));
#3566=CARTESIAN_POINT('',(-1.07552855510562E-16,-2.85958322993052E-18,0.));
#3567=CARTESIAN_POINT('',(0.00463197179813629,0.00188277382106032,0.));
#3568=CARTESIAN_POINT('',(0.00425996058645963,0.001592126808478,0.));
#3569=CARTESIAN_POINT('',(0.00388794937478297,0.00130147979589568,0.));
#3570=CARTESIAN_POINT('',(-4.10760835067858E-15,-1.31155936805571E-15,0.));
#3571=CARTESIAN_POINT('',(0.00391040774765298,0.00123236003144192,0.));
#3572=CARTESIAN_POINT('',(0.00438220916761616,0.00121588436280951,0.));
#3573=CARTESIAN_POINT('',(0.00485401058757935,0.0011994086941771,0.));
#3574=CARTESIAN_POINT('',(-1.07552855510562E-16,-2.85958322993052E-18,0.));
#3575=CARTESIAN_POINT('',(0.00492220278957773,0.000878589607423882,0.));
#3576=CARTESIAN_POINT('',(0.00449789200361301,0.000671639409428895,0.));
#3577=CARTESIAN_POINT('',(0.00407358121764829,0.000464689211433906,0.));
#3578=CARTESIAN_POINT('',(-2.20596110822591E-14,-2.33569674018552E-15,0.));
#3579=CARTESIAN_POINT('',(0.00408117801409097,0.00039241052139376,0.));
#3580=CARTESIAN_POINT('',(0.00453924395692804,0.000278201854695712,0.));
#3581=CARTESIAN_POINT('',(0.00499730989976511,0.000163993187997667,0.));
#3582=CARTESIAN_POINT('',(-1.07552855510562E-16,-2.85958322993052E-18,0.));
#3583=CARTESIAN_POINT('',(0.00499730989976511,-0.000163993187997674,0.));
#3584=CARTESIAN_POINT('',(0.00453924395692804,-0.000278201854695718,0.));
#3585=CARTESIAN_POINT('',(0.00408117801409097,-0.000392410521393764,0.));
#3586=CARTESIAN_POINT('',(-2.2060478443997E-14,2.32967941812823E-15,0.));
#3587=CARTESIAN_POINT('',(0.00407358121764829,-0.000464689211433912,0.));
#3588=CARTESIAN_POINT('',(0.00449789200361301,-0.0006716394094289,0.));
#3589=CARTESIAN_POINT('',(0.00492220278957773,-0.000878589607423888,0.));
#3590=CARTESIAN_POINT('',(-1.07552855510562E-16,-2.85958322993052E-18,0.));
#3591=CARTESIAN_POINT('',(0.00485401058757935,-0.0011994086941771,0.));
#3592=CARTESIAN_POINT('',(0.00438220916761616,-0.00121588436280951,0.));
#3593=CARTESIAN_POINT('',(0.00391040774765298,-0.00123236003144193,0.));
#3594=CARTESIAN_POINT('',(-3.99810393125755E-15,1.28532167548157E-15,0.));
#3595=CARTESIAN_POINT('',(0.00388794937478297,-0.00130147979589569,0.));
#3596=CARTESIAN_POINT('',(0.00425996058645963,-0.001592126808478,0.));
#3597=CARTESIAN_POINT('',(0.00463197179813629,-0.00188277382106033,0.));
#3598=CARTESIAN_POINT('',(-1.07552855510562E-16,-2.85958322993052E-18,0.));
#3599=CARTESIAN_POINT('',(0.00449856772058935,-0.00218240428501953,0.));
#3600=CARTESIAN_POINT('',(0.00403365080950684,-0.00210042688980804,0.));
#3601=CARTESIAN_POINT('',(0.00356873389842433,-0.00201844949459655,0.));
#3602=CARTESIAN_POINT('',(-3.70189989773451E-15,2.11267635330525E-15,0.));
#3603=CARTESIAN_POINT('',(0.00353239548778864,-0.00208138946808387,0.));
#3604=CARTESIAN_POINT('',(0.00383584845011911,-0.00244303062612457,0.));
#3605=CARTESIAN_POINT('',(0.0041393014124496,-0.00280467178416527,0.));
#3606=CARTESIAN_POINT('',(-1.07552855510562E-16,-2.85958322993052E-18,0.));
#3607=CARTESIAN_POINT('',(0.00394651585768668,-0.00307001833626895,0.));
#3608=CARTESIAN_POINT('',(0.00350880255541801,-0.00289317068275549,0.));
#3609=CARTESIAN_POINT('',(0.00307108925314933,-0.00271632302924204,0.));
#3610=CARTESIAN_POINT('',(-4.16810683190328E-15,3.78017929458796E-15,0.));
#3611=CARTESIAN_POINT('',(0.00302245896766379,-0.00277033243290201,0.));
#3612=CARTESIAN_POINT('',(0.00324409133006537,-0.0031871622824479,0.));
#3613=CARTESIAN_POINT('',(0.00346572369246696,-0.00360399213199379,0.));
#3614=CARTESIAN_POINT('',(-1.07552855510562E-16,-2.85958322993052E-18,0.));
#3615=CARTESIAN_POINT('',(0.00322198231431894,-0.003823457854641,0.));
#3616=CARTESIAN_POINT('',(0.00283060279255471,-0.0035594690338933,0.));
#3617=CARTESIAN_POINT('',(0.00243922327079047,-0.00329548021314561,0.));
#3618=CARTESIAN_POINT('',(-7.37886314550185E-15,1.01444460470779E-14,0.));
#3619=CARTESIAN_POINT('',(0.00238042648728478,-0.00333819857687242,0.));
#3620=CARTESIAN_POINT('',(0.00251055185201045,-0.00379199965332682,0.));
#3621=CARTESIAN_POINT('',(0.00264067721673614,-0.00424580072978122,0.));
#3622=CARTESIAN_POINT('',(-1.07552855510562E-16,-2.85958322993052E-18,0.));
#3623=CARTESIAN_POINT('',(0.00235663268302897,-0.00440979391777889,0.));
#3624=CARTESIAN_POINT('',(0.00202869210491758,-0.00407020150802253,0.));
#3625=CARTESIAN_POINT('',(0.00170075152680618,-0.00373060909826618,0.));
#3626=CARTESIAN_POINT('',(-4.35231278100856E-15,9.82395588489116E-15,0.));
#3627=CARTESIAN_POINT('',(0.00163435794685782,-0.00376016942457952,0.));
#3628=CARTESIAN_POINT('',(0.0016672892110583,-0.00423110844332221,0.));
#3629=CARTESIAN_POINT('',(0.00170022047525878,-0.00470204746206488,0.));
#3630=CARTESIAN_POINT('',(-1.07552855510562E-16,-2.85958322993052E-18,0.));
#3631=CARTESIAN_POINT('',(0.00138828689511238,-0.00480340082617089,0.));
#3632=CARTESIAN_POINT('',(0.00113811783755079,-0.00440304664525742,0.));
#3633=CARTESIAN_POINT('',(0.000887948779989192,-0.00400269246434393,0.));
#3634=CARTESIAN_POINT('',(-1.80709397099021E-15,9.00972005335454E-15,0.));
#3635=CARTESIAN_POINT('',(0.000816860121633638,-0.00401780282513773,0.));
#3636=CARTESIAN_POINT('',(0.000751158031041621,-0.0044852974912335,0.));
#3637=CARTESIAN_POINT('',(0.000685455940449604,-0.00495279215732927,0.));
#3638=CARTESIAN_POINT('',(-1.07552855510562E-16,-2.85958322993052E-18,0.));
#3639=CARTESIAN_POINT('',(0.000359266308139749,-0.00498707606918479,0.));
#3640=CARTESIAN_POINT('',(0.000197802359387718,-0.00454345751593261,0.));
#3641=CARTESIAN_POINT('',(3.63384106356864E-5,-0.00409983896268042,0.));
#3642=CARTESIAN_POINT('',(-7.52165257161819E-19,-1.6909217082084E-15,0.));
#3643=CARTESIAN_POINT('',(-3.63384106356879E-5,-0.00409983896268042,0.));
#3644=CARTESIAN_POINT('',(-0.00019780235938772,-0.00454345751593261,0.));
#3645=CARTESIAN_POINT('',(-0.000359266308139751,-0.00498707606918479,0.));
#3646=CARTESIAN_POINT('',(-1.07552855510562E-16,-2.85958322993052E-18,0.));
#3647=CARTESIAN_POINT('',(-0.000685455940449609,-0.00495279215732927,0.));
#3648=CARTESIAN_POINT('',(-0.000751158031041623,-0.0044852974912335,0.));
#3649=CARTESIAN_POINT('',(-0.00081686012163364,-0.00401780282513773,0.));
#3650=CARTESIAN_POINT('',(1.80357031392964E-15,9.00017907423667E-15,0.));
#3651=CARTESIAN_POINT('',(-0.000887948779989194,-0.00400269246434394,0.));
#3652=CARTESIAN_POINT('',(-0.00113811783755079,-0.00440304664525742,0.));
#3653=CARTESIAN_POINT('',(-0.00138828689511239,-0.00480340082617089,0.));
#3654=CARTESIAN_POINT('',(-1.07552855510562E-16,-2.85958322993052E-18,0.));
#3655=CARTESIAN_POINT('',(-0.00170022047525878,-0.00470204746206488,0.));
#3656=CARTESIAN_POINT('',(-0.0016672892110583,-0.0042311084433222,0.));
#3657=CARTESIAN_POINT('',(-0.00163435794685783,-0.00376016942457952,0.));
#3658=CARTESIAN_POINT('',(4.34309706254244E-15,9.81549910794577E-15,0.));
#3659=CARTESIAN_POINT('',(-0.00170075152680619,-0.00373060909826618,0.));
#3660=CARTESIAN_POINT('',(-0.00202869210491758,-0.00407020150802253,0.));
#3661=CARTESIAN_POINT('',(-0.00235663268302897,-0.00440979391777889,0.));
#3662=CARTESIAN_POINT('',(-1.07552855510562E-16,-2.85958322993052E-18,0.));
#3663=CARTESIAN_POINT('',(-0.00264067721673614,-0.00424580072978121,0.));
#3664=CARTESIAN_POINT('',(-0.00251055185201045,-0.00379199965332682,0.));
#3665=CARTESIAN_POINT('',(-0.00238042648728478,-0.00333819857687242,0.));
#3666=CARTESIAN_POINT('',(7.37799578376386E-15,1.01453134088159E-14,0.));
#3667=CARTESIAN_POINT('',(-0.00243922327079047,-0.00329548021314561,0.));
#3668=CARTESIAN_POINT('',(-0.00283060279255471,-0.0035594690338933,0.));
#3669=CARTESIAN_POINT('',(-0.00322198231431894,-0.003823457854641,0.));
#3670=CARTESIAN_POINT('',(-1.07552855510562E-16,-2.85958322993052E-18,0.));
#3671=CARTESIAN_POINT('',(-0.00346572369246696,-0.00360399213199379,0.));
#3672=CARTESIAN_POINT('',(-0.00324409133006537,-0.0031871622824479,0.));
#3673=CARTESIAN_POINT('',(-0.00302245896766379,-0.002770332432902,0.));
#3674=CARTESIAN_POINT('',(3.86149445752437E-15,3.49394992105179E-15,0.));
#3675=CARTESIAN_POINT('',(-0.00307108925314934,-0.00271632302924204,0.));
#3676=CARTESIAN_POINT('',(-0.00350880255541801,-0.00289317068275549,0.));
#3677=CARTESIAN_POINT('',(-0.00394651585768668,-0.00307001833626894,0.));
#3678=CARTESIAN_POINT('',(-1.07552855510562E-16,-2.85958322993052E-18,0.));
#3679=CARTESIAN_POINT('',(-0.0041393014124496,-0.00280467178416527,0.));
#3680=CARTESIAN_POINT('',(-0.00383584845011912,-0.00244303062612456,0.));
#3681=CARTESIAN_POINT('',(-0.00353239548778864,-0.00208138946808387,0.));
#3682=CARTESIAN_POINT('',(7.18565831836493E-15,4.15314484192297E-15,0.));
#3683=CARTESIAN_POINT('',(-0.00356873389842433,-0.00201844949459655,0.));
#3684=CARTESIAN_POINT('',(-0.00403365080950684,-0.00210042688980804,0.));
#3685=CARTESIAN_POINT('',(-0.00449856772058935,-0.00218240428501953,0.));
#3686=CARTESIAN_POINT('',(-1.07552855510562E-16,-2.85958322993052E-18,0.));
#3687=CARTESIAN_POINT('',(-0.00463197179813629,-0.00188277382106033,0.));
#3688=CARTESIAN_POINT('',(-0.00425996058645963,-0.001592126808478,0.));
#3689=CARTESIAN_POINT('',(-0.00388794937478297,-0.00130147979589568,0.));
#3690=CARTESIAN_POINT('',(3.99875445256104E-15,1.28705639895754E-15,0.));
#3691=CARTESIAN_POINT('',(-0.00391040774765298,-0.00123236003144193,0.));
#3692=CARTESIAN_POINT('',(-0.00438220916761616,-0.00121588436280951,0.));
#3693=CARTESIAN_POINT('',(-0.00485401058757935,-0.0011994086941771,0.));
#3694=CARTESIAN_POINT('',(-1.07552855510562E-16,-2.85958322993052E-18,0.));
#3695=CARTESIAN_POINT('',(-0.00492220278957773,-0.00087858960742388,0.));
#3696=CARTESIAN_POINT('',(-0.00449789200361301,-0.000671639409428896,0.));
#3697=CARTESIAN_POINT('',(-0.00407358121764829,-0.000464689211433907,0.));
#3698=CARTESIAN_POINT('',(2.20552742735691E-14,2.33434148746991E-15,0.));
#3699=CARTESIAN_POINT('',(-0.00408117801409097,-0.000392410521393759,0.));
#3700=CARTESIAN_POINT('',(-0.00453924395692804,-0.000278201854695714,0.));
#3701=CARTESIAN_POINT('',(-0.00499730989976511,-0.000163993187997668,0.));
#3702=CARTESIAN_POINT('',(-1.07552855510562E-16,-2.85958322993052E-18,0.));
#3703=CARTESIAN_POINT('',(-0.00499730989976511,0.000163993187997669,0.));
#3704=CARTESIAN_POINT('',(-0.00453924395692804,0.000278201854695716,0.));
#3705=CARTESIAN_POINT('',(-0.00408117801409097,0.000392410521393762,0.));
#3706=CARTESIAN_POINT('',(2.2060478443997E-14,-2.33201045279907E-15,0.));
#3707=CARTESIAN_POINT('',(-0.00407358121764829,0.00046468921143391,0.));
#3708=CARTESIAN_POINT('',(-0.00449789200361301,0.000671639409428897,0.));
#3709=CARTESIAN_POINT('',(-0.00492220278957773,0.000878589607423884,0.));
#3710=CARTESIAN_POINT('',(-1.07552855510562E-16,-2.85958322993052E-18,0.));
#3711=CARTESIAN_POINT('',(-0.00485401058757935,0.0011994086941771,0.));
#3712=CARTESIAN_POINT('',(-0.00438220916761616,0.00121588436280951,0.));
#3713=CARTESIAN_POINT('',(-0.00391040774765298,0.00123236003144193,0.));
#3714=CARTESIAN_POINT('',(3.99810393125755E-15,-1.28586377656781E-15,0.));
#3715=CARTESIAN_POINT('',(-0.00388794937478297,0.00130147979589569,0.));
#3716=CARTESIAN_POINT('',(-0.00425996058645963,0.001592126808478,0.));
#3717=CARTESIAN_POINT('',(-0.00463197179813629,0.00188277382106033,0.));
#3718=CARTESIAN_POINT('',(-1.07552855510562E-16,-2.85958322993052E-18,0.));
#3719=CARTESIAN_POINT('',(-0.00449856772058935,0.00218240428501953,0.));
#3720=CARTESIAN_POINT('',(-0.00403365080950684,0.00210042688980804,0.));
#3721=CARTESIAN_POINT('',(-0.00356873389842433,0.00201844949459655,0.));
#3722=CARTESIAN_POINT('',(8.38001543157496E-15,-4.84248058318926E-15,0.));
#3723=CARTESIAN_POINT('',(-0.00353239548778864,0.00208138946808387,0.));
#3724=CARTESIAN_POINT('',(-0.00383584845011912,0.00244303062612457,0.));
#3725=CARTESIAN_POINT('',(-0.0041393014124496,0.00280467178416527,0.));
#3726=CARTESIAN_POINT('',(-1.07552855510562E-16,-2.85958322993052E-18,0.));
#3727=CARTESIAN_POINT('',(-0.00394651585768668,0.00307001833626895,0.));
#3728=CARTESIAN_POINT('',(-0.00350880255541801,0.00289317068275549,0.));
#3729=CARTESIAN_POINT('',(-0.00307108925314934,0.00271632302924204,0.));
#3730=CARTESIAN_POINT('',(3.99853761212654E-15,-3.62231945827407E-15,0.));
#3731=CARTESIAN_POINT('',(-0.00302245896766379,0.002770332432902,0.));
#3732=CARTESIAN_POINT('',(-0.00324409133006537,0.0031871622824479,0.));
#3733=CARTESIAN_POINT('',(-0.00346572369246696,0.00360399213199379,0.));
#3734=CARTESIAN_POINT('',(-1.07552855510562E-16,-2.85958322993052E-18,0.));
#3735=CARTESIAN_POINT('',(-0.00322198231431894,0.003823457854641,0.));
#3736=CARTESIAN_POINT('',(-0.00283060279255471,0.0035594690338933,0.));
#3737=CARTESIAN_POINT('',(-0.00243922327079047,0.00329548021314561,0.));
#3738=CARTESIAN_POINT('',(7.39078936939919E-15,-1.01611427605341E-14,0.));
#3739=CARTESIAN_POINT('',(-0.00238042648728478,0.00333819857687242,0.));
#3740=CARTESIAN_POINT('',(-0.00251055185201045,0.00379199965332682,0.));
#3741=CARTESIAN_POINT('',(-0.00264067721673614,0.00424580072978121,0.));
#3742=CARTESIAN_POINT('',(-1.07552855510562E-16,-2.85958322993052E-18,0.));
#3743=CARTESIAN_POINT('',(-0.00235663268302897,0.00440979391777889,0.));
#3744=CARTESIAN_POINT('',(-0.00202869210491758,0.00407020150802253,0.));
#3745=CARTESIAN_POINT('',(-0.00170075152680619,0.00373060909826618,0.));
#3746=CARTESIAN_POINT('',(2.86706422492067E-15,-6.44688295803331E-15,0.));
#3747=CARTESIAN_POINT('',(-0.00163435794685782,0.00376016942457952,0.));
#3748=CARTESIAN_POINT('',(-0.0016672892110583,0.00423110844332221,0.));
#3749=CARTESIAN_POINT('',(-0.00170022047525878,0.00470204746206488,0.));
#3750=CARTESIAN_POINT('',(-1.07552855510562E-16,-2.85958322993052E-18,0.));
#3751=CARTESIAN_POINT('',(-0.00138828689511238,0.00480340082617089,0.));
#3752=CARTESIAN_POINT('',(-0.00113811783755079,0.00440304664525742,0.));
#3753=CARTESIAN_POINT('',(-1.07552855510562E-16,-2.85958322993052E-18,0.003));
#3754=CARTESIAN_POINT('',(-1.05167610731094E-17,2.25514051876985E-17,0.0015));
#3755=CARTESIAN_POINT('',(-0.000685455940449606,0.00495279215732927,0.0015));
#3756=CARTESIAN_POINT('',(-0.00138828689511238,0.00480340082617089,0.0015));
#3757=CARTESIAN_POINT('',(-0.00138828689511238,0.00480340082617089,0.0015));
#3758=CARTESIAN_POINT('',(-0.00170022047525878,0.00470204746206488,0.0015));
#3759=CARTESIAN_POINT('',(-0.00170022047525878,0.00470204746206488,0.0015));
#3760=CARTESIAN_POINT('',(-4.26091453786803E-17,9.4542429440736E-17,0.0015));
#3761=CARTESIAN_POINT('',(-0.00235663268302897,0.00440979391777889,0.0015));
#3762=CARTESIAN_POINT('',(-0.00235663268302897,0.00440979391777889,0.0015));
#3763=CARTESIAN_POINT('',(-0.00264067721673614,0.00424580072978121,0.0015));
#3764=CARTESIAN_POINT('',(-0.00264067721673614,0.00424580072978121,0.0015));
#3765=CARTESIAN_POINT('',(-8.95550994473027E-17,1.09287578986539E-16,0.0015));
#3766=CARTESIAN_POINT('',(-0.00322198231431894,0.003823457854641,0.0015));
#3767=CARTESIAN_POINT('',(-0.00322198231431894,0.003823457854641,0.0015));
#3768=CARTESIAN_POINT('',(-0.00346572369246696,0.00360399213199379,0.0015));
#3769=CARTESIAN_POINT('',(-0.00346572369246696,0.00360399213199379,0.0015));
#3770=CARTESIAN_POINT('',(-1.14491749414469E-16,1.02565525517129E-16,0.0015));
#3771=CARTESIAN_POINT('',(-0.00394651585768668,0.00307001833626895,0.0015));
#3772=CARTESIAN_POINT('',(-0.00394651585768668,0.00307001833626895,0.0015));
#3773=CARTESIAN_POINT('',(-0.0041393014124496,0.00280467178416527,0.0015));
#3774=CARTESIAN_POINT('',(-0.0041393014124496,0.00280467178416527,0.0015));
#3775=CARTESIAN_POINT('',(-1.82145964977565E-16,1.19479079407903E-16,0.0015));
#3776=CARTESIAN_POINT('',(-0.00449856772058935,0.00218240428501953,0.0015));
#3777=CARTESIAN_POINT('',(-0.00449856772058935,0.00218240428501953,0.0015));
#3778=CARTESIAN_POINT('',(-0.00463197179813629,0.00188277382106033,0.0015));
#3779=CARTESIAN_POINT('',(-0.00463197179813629,0.00188277382106033,0.0015));
#3780=CARTESIAN_POINT('',(5.68121938382404E-17,-1.91903784529935E-17,0.0015));
#3781=CARTESIAN_POINT('',(-0.00485401058757935,0.0011994086941771,0.0015));
#3782=CARTESIAN_POINT('',(-0.00485401058757935,0.0011994086941771,0.0015));
#3783=CARTESIAN_POINT('',(-0.00492220278957773,0.000878589607423884,0.0015));
#3784=CARTESIAN_POINT('',(-0.00492220278957773,0.000878589607423884,0.0015));
#3785=CARTESIAN_POINT('',(-1.47451495458029E-16,4.06575814682064E-20,0.0015));
#3786=CARTESIAN_POINT('',(-0.00499730989976511,0.000163993187997669,0.0015));
#3787=CARTESIAN_POINT('',(-0.00499730989976511,0.000163993187997669,0.0015));
#3788=CARTESIAN_POINT('',(-0.00499730989976511,-0.000163993187997668,0.0015));
#3789=CARTESIAN_POINT('',(-0.00499730989976511,-0.000163993187997668,0.0015));
#3790=CARTESIAN_POINT('',(-5.55111512312578E-17,4.77048955893622E-18,0.0015));
#3791=CARTESIAN_POINT('',(-0.00492220278957773,-0.00087858960742388,0.0015));
#3792=CARTESIAN_POINT('',(-0.00492220278957773,-0.00087858960742388,0.0015));
#3793=CARTESIAN_POINT('',(-0.00485401058757935,-0.0011994086941771,0.0015));
#3794=CARTESIAN_POINT('',(-0.00485401058757935,-0.0011994086941771,0.0015));
#3795=CARTESIAN_POINT('',(4.90059381963448E-17,1.75640751942651E-17,0.0015));
#3796=CARTESIAN_POINT('',(-0.00463197179813629,-0.00188277382106033,0.0015));
#3797=CARTESIAN_POINT('',(-0.00463197179813629,-0.00188277382106033,0.0015));
#3798=CARTESIAN_POINT('',(-0.00449856772058935,-0.00218240428501953,0.0015));
#3799=CARTESIAN_POINT('',(-0.00449856772058935,-0.00218240428501953,0.0015));
#3800=CARTESIAN_POINT('',(-1.27935856353289E-16,-8.43509290193723E-17,0.0015));
#3801=CARTESIAN_POINT('',(-0.0041393014124496,-0.00280467178416527,0.0015));
#3802=CARTESIAN_POINT('',(-0.0041393014124496,-0.00280467178416527,0.0015));
#3803=CARTESIAN_POINT('',(-0.00394651585768668,-0.00307001833626894,0.0015));
#3804=CARTESIAN_POINT('',(-0.00394651585768668,-0.00307001833626894,0.0015));
#3805=CARTESIAN_POINT('',(-1.2338220722885E-16,-1.08853898117545E-16,0.0015));
#3806=CARTESIAN_POINT('',(-0.00346572369246696,-0.00360399213199379,0.0015));
#3807=CARTESIAN_POINT('',(-0.00346572369246696,-0.00360399213199379,0.0015));
#3808=CARTESIAN_POINT('',(-0.00322198231431894,-0.003823457854641,0.0015));
#3809=CARTESIAN_POINT('',(-0.00322198231431894,-0.003823457854641,0.0015));
#3810=CARTESIAN_POINT('',(-7.11236625150491E-17,-8.67361737988404E-17,0.0015));
#3811=CARTESIAN_POINT('',(-0.00264067721673614,-0.00424580072978121,0.0015));
#3812=CARTESIAN_POINT('',(-0.00264067721673614,-0.00424580072978121,0.0015));
#3813=CARTESIAN_POINT('',(-0.00235663268302897,-0.00440979391777889,0.0015));
#3814=CARTESIAN_POINT('',(-0.00235663268302897,-0.00440979391777889,0.0015));
#3815=CARTESIAN_POINT('',(-1.78893358460108E-17,-5.76795555762288E-17,0.0015));
#3816=CARTESIAN_POINT('',(-0.00170022047525878,-0.00470204746206488,0.0015));
#3817=CARTESIAN_POINT('',(-0.00170022047525878,-0.00470204746206488,0.0015));
#3818=CARTESIAN_POINT('',(-0.00138828689511239,-0.00480340082617089,0.0015));
#3819=CARTESIAN_POINT('',(-0.00138828689511239,-0.00480340082617089,0.0015));
#3820=CARTESIAN_POINT('',(-4.7867525915235E-17,-1.55257751099924E-16,0.0015));
#3821=CARTESIAN_POINT('',(-0.000685455940449609,-0.00495279215732927,0.0015));
#3822=CARTESIAN_POINT('',(-0.000685455940449609,-0.00495279215732927,0.0015));
#3823=CARTESIAN_POINT('',(-0.000359266308139751,-0.00498707606918479,0.0015));
#3824=CARTESIAN_POINT('',(-0.000359266308139751,-0.00498707606918479,0.0015));
#3825=CARTESIAN_POINT('',(-9.21571846612679E-19,7.76288755499621E-17,0.0015));
#3826=CARTESIAN_POINT('',(0.000359266308139749,-0.00498707606918479,0.0015));
#3827=CARTESIAN_POINT('',(0.000359266308139749,-0.00498707606918479,0.0015));
#3828=CARTESIAN_POINT('',(0.000685455940449604,-0.00495279215732927,0.0015));
#3829=CARTESIAN_POINT('',(0.000685455940449604,-0.00495279215732927,0.0015));
#3830=CARTESIAN_POINT('',(2.08708918203459E-17,-1.01915004213637E-16,0.0015));
#3831=CARTESIAN_POINT('',(0.00138828689511238,-0.00480340082617089,0.0015));
#3832=CARTESIAN_POINT('',(0.00138828689511238,-0.00480340082617089,0.0015));
#3833=CARTESIAN_POINT('',(0.00170022047525878,-0.00470204746206488,0.0015));
#3834=CARTESIAN_POINT('',(0.00170022047525878,-0.00470204746206488,0.0015));
#3835=CARTESIAN_POINT('',(6.57026516526216E-17,-1.21430643318376E-16,0.0015));
#3836=CARTESIAN_POINT('',(0.00235663268302897,-0.00440979391777889,0.0015));
#3837=CARTESIAN_POINT('',(0.00235663268302897,-0.00440979391777889,0.0015));
#3838=CARTESIAN_POINT('',(0.00264067721673614,-0.00424580072978122,0.0015));
#3839=CARTESIAN_POINT('',(0.00264067721673614,-0.00424580072978122,0.0015));
#3840=CARTESIAN_POINT('',(1.41596803726607E-16,-1.74122868901172E-16,0.0015));
#3841=CARTESIAN_POINT('',(0.00322198231431894,-0.003823457854641,0.0015));
#3842=CARTESIAN_POINT('',(0.00322198231431894,-0.003823457854641,0.0015));
#3843=CARTESIAN_POINT('',(0.00346572369246696,-0.00360399213199379,0.0015));
#3844=CARTESIAN_POINT('',(0.00346572369246696,-0.00360399213199379,0.0015));
#3845=CARTESIAN_POINT('',(9.12898229232795E-17,-8.26162055433954E-17,0.0015));
#3846=CARTESIAN_POINT('',(0.00394651585768668,-0.00307001833626895,0.0015));
#3847=CARTESIAN_POINT('',(0.00394651585768668,-0.00307001833626895,0.0015));
#3848=CARTESIAN_POINT('',(0.0041393014124496,-0.00280467178416527,0.0015));
#3849=CARTESIAN_POINT('',(0.0041393014124496,-0.00280467178416527,0.0015));
#3850=CARTESIAN_POINT('',(9.28077059647592E-17,-6.15826833971767E-17,0.0015));
#3851=CARTESIAN_POINT('',(0.00449856772058935,-0.00218240428501953,0.0015));
#3852=CARTESIAN_POINT('',(0.00449856772058935,-0.00218240428501953,0.0015));
#3853=CARTESIAN_POINT('',(0.00463197179813629,-0.00188277382106033,0.0015));
#3854=CARTESIAN_POINT('',(0.00463197179813629,-0.00188277382106033,0.0015));
#3855=CARTESIAN_POINT('',(-5.68121938382404E-17,1.85398571495022E-17,0.0015));
#3856=CARTESIAN_POINT('',(0.00485401058757935,-0.0011994086941771,0.0015));
#3857=CARTESIAN_POINT('',(0.00485401058757935,-0.0011994086941771,0.0015));
#3858=CARTESIAN_POINT('',(0.00492220278957773,-0.000878589607423888,0.0015));
#3859=CARTESIAN_POINT('',(0.00492220278957773,-0.000878589607423888,0.0015));
#3860=CARTESIAN_POINT('',(1.81278603239576E-16,-5.70561393270497E-18,0.0015));
#3861=CARTESIAN_POINT('',(0.00499730989976511,-0.000163993187997674,0.0015));
#3862=CARTESIAN_POINT('',(0.00499730989976511,-0.000163993187997674,0.0015));
#3863=CARTESIAN_POINT('',(0.00499730989976511,0.000163993187997667,0.0015));
#3864=CARTESIAN_POINT('',(0.00499730989976511,0.000163993187997667,0.0015));
#3865=CARTESIAN_POINT('',(2.34187669256869E-17,-6.30192512757199E-18,0.0015));
#3866=CARTESIAN_POINT('',(0.00492220278957773,0.000878589607423882,0.0015));
#3867=CARTESIAN_POINT('',(0.00492220278957773,0.000878589607423882,0.0015));
#3868=CARTESIAN_POINT('',(0.00485401058757935,0.0011994086941771,0.0015));
#3869=CARTESIAN_POINT('',(0.00485401058757935,0.0011994086941771,0.0015));
#3870=CARTESIAN_POINT('',(-5.50774703622636E-17,-1.99493199737333E-17,0.0015));
#3871=CARTESIAN_POINT('',(0.00463197179813629,0.00188277382106032,0.0015));
#3872=CARTESIAN_POINT('',(0.00463197179813629,0.00188277382106032,0.0015));
#3873=CARTESIAN_POINT('',(0.00449856772058935,0.00218240428501952,0.0015));
#3874=CARTESIAN_POINT('',(0.00449856772058935,0.00218240428501952,0.0015));
#3875=CARTESIAN_POINT('',(1.56125112837912E-16,1.02131844648134E-16,0.0015));
#3876=CARTESIAN_POINT('',(0.0041393014124496,0.00280467178416526,0.0015));
#3877=CARTESIAN_POINT('',(0.0041393014124496,0.00280467178416526,0.0015));
#3878=CARTESIAN_POINT('',(0.00394651585768668,0.00307001833626894,0.0015));
#3879=CARTESIAN_POINT('',(0.00394651585768668,0.00307001833626894,0.0015));
#3880=CARTESIAN_POINT('',(1.21213802883879E-16,1.06034972469082E-16,0.0015));
#3881=CARTESIAN_POINT('',(0.00346572369246696,0.00360399213199379,0.0015));
#3882=CARTESIAN_POINT('',(0.00346572369246696,0.00360399213199379,0.0015));
#3883=CARTESIAN_POINT('',(0.00322198231431894,0.003823457854641,0.0015));
#3884=CARTESIAN_POINT('',(0.00322198231431894,0.003823457854641,0.0015));
#3885=CARTESIAN_POINT('',(1.17093834628434E-16,1.54607229796433E-16,0.0015));
#3886=CARTESIAN_POINT('',(0.00264067721673614,0.00424580072978121,0.0015));
#3887=CARTESIAN_POINT('',(0.00264067721673614,0.00424580072978121,0.0015));
#3888=CARTESIAN_POINT('',(0.00235663268302898,0.00440979391777889,0.0015));
#3889=CARTESIAN_POINT('',(0.00235663268302898,0.00440979391777889,0.0015));
#3890=CARTESIAN_POINT('',(-2.61292723569006E-17,-6.20163642661709E-17,0.0015));
#3891=CARTESIAN_POINT('',(0.00170022047525878,0.00470204746206488,0.0015));
#3892=CARTESIAN_POINT('',(0.00170022047525878,0.00470204746206488,0.0015));
#3893=CARTESIAN_POINT('',(0.00138828689511238,0.00480340082617089,0.0015));
#3894=CARTESIAN_POINT('',(0.00138828689511238,0.00480340082617089,0.0015));
#3895=CARTESIAN_POINT('',(9.05308814025396E-18,2.29850860566927E-17,0.0015));
#3896=CARTESIAN_POINT('',(0.000685455940449605,0.00495279215732927,0.0015));
#3897=CARTESIAN_POINT('',(0.000685455940449605,0.00495279215732927,0.0015));
#3898=CARTESIAN_POINT('',(0.000359266308139751,0.00498707606918479,0.0015));
#3899=CARTESIAN_POINT('',(0.000359266308139751,0.00498707606918479,0.0015));
#3900=CARTESIAN_POINT('',(-8.40256683676266E-19,1.4137996329211E-16,0.0015));
#3901=CARTESIAN_POINT('',(-0.000359266308139752,0.00498707606918479,0.0015));
#3902=CARTESIAN_POINT('',(-0.000359266308139752,0.00498707606918479,0.0015));
#3903=CARTESIAN_POINT('',(-0.000685455940449606,0.00495279215732927,0.0015));
#3904=CARTESIAN_POINT('',(-1.07552855510562E-16,-2.85958322993052E-18,0.003));
#3905=CARTESIAN_POINT('',(0.005,-2.85958322993052E-18,0.003));
#3906=CARTESIAN_POINT('',(0.,0.,0.003));
#3907=CARTESIAN_POINT('',(-5.39932681897781E-17,2.42861286636753E-17,0.003));
#3908=CARTESIAN_POINT('',(0.00400000000000001,2.42861286636753E-17,0.003));
#3909=CARTESIAN_POINT('',(-5.39932681897781E-17,2.42861286636753E-17,0.0245));
#3910=CARTESIAN_POINT('',(-0.00125515465173331,0.00383987493998349,0.0202472449225393));
#3911=CARTESIAN_POINT('',(1.81637986289751E-7,0.00408002311286987,0.0197262339983446));
#3912=CARTESIAN_POINT('',(0.00125442809978815,0.00384003260853754,0.0202478190840824));
#3913=CARTESIAN_POINT('',(0.00177293203893689,0.00357907061897889,0.0214968665395926));
#3914=CARTESIAN_POINT('',(0.0012538376222617,0.00384005092328256,0.0227538728826226));
#3915=CARTESIAN_POINT('',(2.65335643227222E-6,0.00407991745940559,0.0232731551613353));
#3916=CARTESIAN_POINT('',(-0.00125449856541342,0.00384027717551403,0.0227535013130812));
#3917=CARTESIAN_POINT('',(-0.00177258619568958,0.00357905302330102,0.0215013626711294));
#3918=CARTESIAN_POINT('',(-0.00125515465173331,0.00383987493998349,0.0202472449225393));
#3919=CARTESIAN_POINT('',(1.81637986289751E-7,0.00408002311286987,0.0197262339983446));
#3920=CARTESIAN_POINT('',(0.00125442809978815,0.00384003260853754,0.0202478190840824));
#3921=CARTESIAN_POINT('',(1.28291256119565E-19,0.00400000000000009,0.0199));
#3922=CARTESIAN_POINT('',(0.00125515465173332,-0.00383987493998343,0.0202472449225394));
#3923=CARTESIAN_POINT('',(-1.81637986290049E-7,-0.00408002311286976,0.0197262339983446));
#3924=CARTESIAN_POINT('',(-0.00125442809978816,-0.00384003260853754,0.0202478190840823));
#3925=CARTESIAN_POINT('',(-0.00177293203893689,-0.00357907061897889,0.0214968665395926));
#3926=CARTESIAN_POINT('',(-0.0012538376222617,-0.00384005092328255,0.0227538728826226));
#3927=CARTESIAN_POINT('',(-2.65335643225576E-6,-0.00407991745940555,0.0232731551613353));
#3928=CARTESIAN_POINT('',(0.00125449856541342,-0.00384027717551395,0.0227535013130812));
#3929=CARTESIAN_POINT('',(0.00177258619568958,-0.00357905302330091,0.0215013626711294));
#3930=CARTESIAN_POINT('',(0.00125515465173332,-0.00383987493998343,0.0202472449225394));
#3931=CARTESIAN_POINT('',(-1.81637986290049E-7,-0.00408002311286976,0.0197262339983446));
#3932=CARTESIAN_POINT('',(-0.00125442809978816,-0.00384003260853754,0.0202478190840823));
#3933=CARTESIAN_POINT('',(-1.23262022645568E-19,-0.004,0.0199));
#3934=CARTESIAN_POINT('',(-5.39932681897781E-17,2.42861286636753E-17,0.0245));
#3935=CARTESIAN_POINT('',(0.00400000000000001,2.42861286636753E-17,0.0245));
#3936=CARTESIAN_POINT('',(0.,0.,0.0245));
#3937=CARTESIAN_POINT('',(0.,0.025,0.0215));
#3938=CARTESIAN_POINT('',(-0.00438220916761616,-0.00121588436280951,0.0015));
#3939=CARTESIAN_POINT('',(-0.00391040774765298,-0.00123236003144193,0.0015));
#3940=CARTESIAN_POINT('',(-0.00391040774765298,-0.00123236003144193,0.0015));
#3941=CARTESIAN_POINT('',(-0.00438220916761616,-0.00121588436280951,0.0015));
#3942=CARTESIAN_POINT('',(-0.00425996058645963,-0.001592126808478,0.0015));
#3943=CARTESIAN_POINT('',(-0.00425996058645963,-0.001592126808478,0.0015));
#3944=CARTESIAN_POINT('',(-0.00388794937478297,-0.00130147979589568,0.0015));
#3945=CARTESIAN_POINT('',(-0.00388794937478297,-0.00130147979589568,0.0015));
#3946=CARTESIAN_POINT('',(3.99875445256104E-15,1.28705639895754E-15,0.0015));
#3947=CARTESIAN_POINT('',(3.99875445256104E-15,1.28705639895754E-15,0.0015));
#3948=CARTESIAN_POINT('',(0.,0.,0.0015));
#3949=CARTESIAN_POINT('',(-0.00019780235938772,-0.00454345751593261,0.0015));
#3950=CARTESIAN_POINT('',(-3.63384106356879E-5,-0.00409983896268042,0.0015));
#3951=CARTESIAN_POINT('',(-3.63384106356879E-5,-0.00409983896268042,0.0015));
#3952=CARTESIAN_POINT('',(-0.00019780235938772,-0.00454345751593261,0.0015));
#3953=CARTESIAN_POINT('',(0.000197802359387718,-0.00454345751593261,0.0015));
#3954=CARTESIAN_POINT('',(0.000197802359387718,-0.00454345751593261,0.0015));
#3955=CARTESIAN_POINT('',(3.63384106356864E-5,-0.00409983896268042,0.0015));
#3956=CARTESIAN_POINT('',(3.63384106356864E-5,-0.00409983896268042,0.0015));
#3957=CARTESIAN_POINT('',(-7.52165257161819E-19,-1.6909217082084E-15,0.0015));
#3958=CARTESIAN_POINT('',(-7.52165257161819E-19,-1.6909217082084E-15,0.0015));
#3959=CARTESIAN_POINT('',(0.,0.,0.0015));
#3960=CARTESIAN_POINT('',(0.000751158031041621,-0.0044852974912335,0.0015));
#3961=CARTESIAN_POINT('',(0.000816860121633638,-0.00401780282513773,0.0015));
#3962=CARTESIAN_POINT('',(0.000816860121633638,-0.00401780282513773,0.0015));
#3963=CARTESIAN_POINT('',(0.000751158031041621,-0.0044852974912335,0.0015));
#3964=CARTESIAN_POINT('',(0.00113811783755079,-0.00440304664525742,0.0015));
#3965=CARTESIAN_POINT('',(0.00113811783755079,-0.00440304664525742,0.0015));
#3966=CARTESIAN_POINT('',(0.000887948779989192,-0.00400269246434393,0.0015));
#3967=CARTESIAN_POINT('',(0.000887948779989192,-0.00400269246434393,0.0015));
#3968=CARTESIAN_POINT('',(-1.80709397099021E-15,9.00972005335454E-15,0.0015));
#3969=CARTESIAN_POINT('',(-1.80709397099021E-15,9.00972005335454E-15,0.0015));
#3970=CARTESIAN_POINT('',(0.,0.,0.0015));
#3971=CARTESIAN_POINT('',(0.0016672892110583,-0.00423110844332221,0.0015));
#3972=CARTESIAN_POINT('',(0.00163435794685782,-0.00376016942457952,0.0015));
#3973=CARTESIAN_POINT('',(0.00163435794685782,-0.00376016942457952,0.0015));
#3974=CARTESIAN_POINT('',(0.0016672892110583,-0.00423110844332221,0.0015));
#3975=CARTESIAN_POINT('',(0.00202869210491758,-0.00407020150802253,0.0015));
#3976=CARTESIAN_POINT('',(0.00202869210491758,-0.00407020150802253,0.0015));
#3977=CARTESIAN_POINT('',(0.00170075152680618,-0.00373060909826618,0.0015));
#3978=CARTESIAN_POINT('',(0.00170075152680618,-0.00373060909826618,0.0015));
#3979=CARTESIAN_POINT('',(-4.35231278100856E-15,9.82395588489116E-15,0.0015));
#3980=CARTESIAN_POINT('',(-4.35231278100856E-15,9.82395588489116E-15,0.0015));
#3981=CARTESIAN_POINT('',(0.,0.,0.0015));
#3982=CARTESIAN_POINT('',(0.00251055185201045,-0.00379199965332682,0.0015));
#3983=CARTESIAN_POINT('',(0.00238042648728478,-0.00333819857687242,0.0015));
#3984=CARTESIAN_POINT('',(0.00238042648728478,-0.00333819857687242,0.0015));
#3985=CARTESIAN_POINT('',(0.00251055185201045,-0.00379199965332682,0.0015));
#3986=CARTESIAN_POINT('',(0.00283060279255471,-0.0035594690338933,0.0015));
#3987=CARTESIAN_POINT('',(0.00283060279255471,-0.0035594690338933,0.0015));
#3988=CARTESIAN_POINT('',(0.00243922327079047,-0.00329548021314561,0.0015));
#3989=CARTESIAN_POINT('',(0.00243922327079047,-0.00329548021314561,0.0015));
#3990=CARTESIAN_POINT('',(-7.37886314550185E-15,1.01444460470779E-14,0.0015));
#3991=CARTESIAN_POINT('',(-7.37886314550185E-15,1.01444460470779E-14,0.0015));
#3992=CARTESIAN_POINT('',(0.,0.,0.0015));
#3993=CARTESIAN_POINT('',(0.00383584845011911,-0.00244303062612457,0.0015));
#3994=CARTESIAN_POINT('',(0.00353239548778864,-0.00208138946808387,0.0015));
#3995=CARTESIAN_POINT('',(0.00353239548778864,-0.00208138946808387,0.0015));
#3996=CARTESIAN_POINT('',(0.00383584845011911,-0.00244303062612457,0.0015));
#3997=CARTESIAN_POINT('',(0.00403365080950684,-0.00210042688980804,0.0015));
#3998=CARTESIAN_POINT('',(0.00403365080950684,-0.00210042688980804,0.0015));
#3999=CARTESIAN_POINT('',(0.00356873389842433,-0.00201844949459655,0.0015));
#4000=CARTESIAN_POINT('',(0.00356873389842433,-0.00201844949459655,0.0015));
#4001=CARTESIAN_POINT('',(-3.70189989773451E-15,2.11267635330525E-15,0.0015));
#4002=CARTESIAN_POINT('',(-3.70189989773451E-15,2.11267635330525E-15,0.0015));
#4003=CARTESIAN_POINT('',(0.,0.,0.0015));
#4004=CARTESIAN_POINT('',(0.00324409133006537,-0.0031871622824479,0.0015));
#4005=CARTESIAN_POINT('',(0.00302245896766379,-0.00277033243290201,0.0015));
#4006=CARTESIAN_POINT('',(0.00302245896766379,-0.00277033243290201,0.0015));
#4007=CARTESIAN_POINT('',(0.00324409133006537,-0.0031871622824479,0.0015));
#4008=CARTESIAN_POINT('',(0.00350880255541801,-0.00289317068275549,0.0015));
#4009=CARTESIAN_POINT('',(0.00350880255541801,-0.00289317068275549,0.0015));
#4010=CARTESIAN_POINT('',(0.00307108925314933,-0.00271632302924204,0.0015));
#4011=CARTESIAN_POINT('',(0.00307108925314933,-0.00271632302924204,0.0015));
#4012=CARTESIAN_POINT('',(-4.16810683190328E-15,3.78017929458796E-15,0.0015));
#4013=CARTESIAN_POINT('',(-4.16810683190328E-15,3.78017929458796E-15,0.0015));
#4014=CARTESIAN_POINT('',(0.,0.,0.0015));
#4015=CARTESIAN_POINT('',(0.00425996058645963,-0.001592126808478,0.0015));
#4016=CARTESIAN_POINT('',(0.00388794937478297,-0.00130147979589569,0.0015));
#4017=CARTESIAN_POINT('',(0.00388794937478297,-0.00130147979589569,0.0015));
#4018=CARTESIAN_POINT('',(0.00425996058645963,-0.001592126808478,0.0015));
#4019=CARTESIAN_POINT('',(0.00438220916761616,-0.00121588436280951,0.0015));
#4020=CARTESIAN_POINT('',(0.00438220916761616,-0.00121588436280951,0.0015));
#4021=CARTESIAN_POINT('',(0.00391040774765298,-0.00123236003144193,0.0015));
#4022=CARTESIAN_POINT('',(0.00391040774765298,-0.00123236003144193,0.0015));
#4023=CARTESIAN_POINT('',(-3.99810393125755E-15,1.28532167548157E-15,0.0015));
#4024=CARTESIAN_POINT('',(-3.99810393125755E-15,1.28532167548157E-15,0.0015));
#4025=CARTESIAN_POINT('',(0.,0.,0.0015));
#4026=CARTESIAN_POINT('',(0.00453924395692804,-0.000278201854695718,0.0015));
#4027=CARTESIAN_POINT('',(0.00453924395692804,-0.000278201854695718,0.0015));
#4028=CARTESIAN_POINT('',(0.00408117801409097,-0.000392410521393764,0.0015));
#4029=CARTESIAN_POINT('',(0.00408117801409097,-0.000392410521393764,0.0015));
#4030=CARTESIAN_POINT('',(-2.2060478443997E-14,2.32967941812823E-15,0.0015));
#4031=CARTESIAN_POINT('',(-2.2060478443997E-14,2.32967941812823E-15,0.0015));
#4032=CARTESIAN_POINT('',(0.00407358121764829,-0.000464689211433912,0.0015));
#4033=CARTESIAN_POINT('',(0.00407358121764829,-0.000464689211433912,0.0015));
#4034=CARTESIAN_POINT('',(0.00449789200361301,-0.0006716394094289,0.0015));
#4035=CARTESIAN_POINT('',(0.00449789200361301,-0.0006716394094289,0.0015));
#4036=CARTESIAN_POINT('',(0.,0.,0.0015));
#4037=CARTESIAN_POINT('',(0.,1.22464679914735E-19,0.0015));
#4038=CARTESIAN_POINT('',(0.,1.22464679914735E-19,0.0015));
#4039=CARTESIAN_POINT('',(0.002,1.22464679914735E-19,0.0015));
#4040=CARTESIAN_POINT('',(0.,0.,0.0015));
#4041=CARTESIAN_POINT('',(-0.00403365080950684,-0.00210042688980804,0.0015));
#4042=CARTESIAN_POINT('',(-0.00356873389842433,-0.00201844949459655,0.0015));
#4043=CARTESIAN_POINT('',(-0.00356873389842433,-0.00201844949459655,0.0015));
#4044=CARTESIAN_POINT('',(-0.00403365080950684,-0.00210042688980804,0.0015));
#4045=CARTESIAN_POINT('',(-0.00383584845011912,-0.00244303062612456,0.0015));
#4046=CARTESIAN_POINT('',(-0.00383584845011912,-0.00244303062612456,0.0015));
#4047=CARTESIAN_POINT('',(-0.00353239548778864,-0.00208138946808387,0.0015));
#4048=CARTESIAN_POINT('',(-0.00353239548778864,-0.00208138946808387,0.0015));
#4049=CARTESIAN_POINT('',(7.18565831836493E-15,4.15314484192297E-15,0.0015));
#4050=CARTESIAN_POINT('',(7.18565831836493E-15,4.15314484192297E-15,0.0015));
#4051=CARTESIAN_POINT('',(0.,0.,0.0015));
#4052=CARTESIAN_POINT('',(-0.00283060279255471,-0.0035594690338933,0.0015));
#4053=CARTESIAN_POINT('',(-0.00243922327079047,-0.00329548021314561,0.0015));
#4054=CARTESIAN_POINT('',(-0.00243922327079047,-0.00329548021314561,0.0015));
#4055=CARTESIAN_POINT('',(-0.00283060279255471,-0.0035594690338933,0.0015));
#4056=CARTESIAN_POINT('',(-0.00251055185201045,-0.00379199965332682,0.0015));
#4057=CARTESIAN_POINT('',(-0.00251055185201045,-0.00379199965332682,0.0015));
#4058=CARTESIAN_POINT('',(-0.00238042648728478,-0.00333819857687242,0.0015));
#4059=CARTESIAN_POINT('',(-0.00238042648728478,-0.00333819857687242,0.0015));
#4060=CARTESIAN_POINT('',(7.37799578376386E-15,1.01453134088159E-14,0.0015));
#4061=CARTESIAN_POINT('',(7.37799578376386E-15,1.01453134088159E-14,0.0015));
#4062=CARTESIAN_POINT('',(0.,0.,0.0015));
#4063=CARTESIAN_POINT('',(-0.00350880255541801,-0.00289317068275549,0.0015));
#4064=CARTESIAN_POINT('',(-0.00307108925314934,-0.00271632302924204,0.0015));
#4065=CARTESIAN_POINT('',(-0.00307108925314934,-0.00271632302924204,0.0015));
#4066=CARTESIAN_POINT('',(-0.00350880255541801,-0.00289317068275549,0.0015));
#4067=CARTESIAN_POINT('',(-0.00324409133006537,-0.0031871622824479,0.0015));
#4068=CARTESIAN_POINT('',(-0.00324409133006537,-0.0031871622824479,0.0015));
#4069=CARTESIAN_POINT('',(-0.00302245896766379,-0.002770332432902,0.0015));
#4070=CARTESIAN_POINT('',(-0.00302245896766379,-0.002770332432902,0.0015));
#4071=CARTESIAN_POINT('',(3.86149445752437E-15,3.49394992105179E-15,0.0015));
#4072=CARTESIAN_POINT('',(3.86149445752437E-15,3.49394992105179E-15,0.0015));
#4073=CARTESIAN_POINT('',(0.,0.,0.0015));
#4074=CARTESIAN_POINT('',(-0.00202869210491758,-0.00407020150802253,0.0015));
#4075=CARTESIAN_POINT('',(-0.00170075152680619,-0.00373060909826618,0.0015));
#4076=CARTESIAN_POINT('',(-0.00170075152680619,-0.00373060909826618,0.0015));
#4077=CARTESIAN_POINT('',(-0.00202869210491758,-0.00407020150802253,0.0015));
#4078=CARTESIAN_POINT('',(-0.0016672892110583,-0.0042311084433222,0.0015));
#4079=CARTESIAN_POINT('',(-0.0016672892110583,-0.0042311084433222,0.0015));
#4080=CARTESIAN_POINT('',(-0.00163435794685783,-0.00376016942457952,0.0015));
#4081=CARTESIAN_POINT('',(-0.00163435794685783,-0.00376016942457952,0.0015));
#4082=CARTESIAN_POINT('',(4.34309706254244E-15,9.81549910794577E-15,0.0015));
#4083=CARTESIAN_POINT('',(4.34309706254244E-15,9.81549910794577E-15,0.0015));
#4084=CARTESIAN_POINT('',(0.,0.,0.0015));
#4085=CARTESIAN_POINT('',(-0.00113811783755079,-0.00440304664525742,0.0015));
#4086=CARTESIAN_POINT('',(-0.000887948779989194,-0.00400269246434393,0.0015));
#4087=CARTESIAN_POINT('',(-0.000887948779989194,-0.00400269246434393,0.0015));
#4088=CARTESIAN_POINT('',(-0.00113811783755079,-0.00440304664525742,0.0015));
#4089=CARTESIAN_POINT('',(-0.000751158031041623,-0.0044852974912335,0.0015));
#4090=CARTESIAN_POINT('',(-0.000751158031041623,-0.0044852974912335,0.0015));
#4091=CARTESIAN_POINT('',(-0.00081686012163364,-0.00401780282513773,0.0015));
#4092=CARTESIAN_POINT('',(-0.00081686012163364,-0.00401780282513773,0.0015));
#4093=CARTESIAN_POINT('',(1.80357031392964E-15,9.00017907423667E-15,0.0015));
#4094=CARTESIAN_POINT('',(1.80357031392964E-15,9.00017907423667E-15,0.0015));
#4095=CARTESIAN_POINT('',(0.,0.,0.0015));
#4096=CARTESIAN_POINT('',(0.000197802359387719,0.00454345751593261,0.0015));
#4097=CARTESIAN_POINT('',(3.63384106356864E-5,0.00409983896268042,0.0015));
#4098=CARTESIAN_POINT('',(3.63384106356864E-5,0.00409983896268042,0.0015));
#4099=CARTESIAN_POINT('',(0.000197802359387719,0.00454345751593261,0.0015));
#4100=CARTESIAN_POINT('',(-0.000197802359387719,0.00454345751593261,0.0015));
#4101=CARTESIAN_POINT('',(-0.000197802359387719,0.00454345751593261,0.0015));
#4102=CARTESIAN_POINT('',(-3.63384106356877E-5,0.00409983896268042,0.0015));
#4103=CARTESIAN_POINT('',(-3.63384106356877E-5,0.00409983896268042,0.0015));
#4104=CARTESIAN_POINT('',(-6.64073830647371E-19,1.6909217082084E-15,0.0015));
#4105=CARTESIAN_POINT('',(-6.64073830647371E-19,1.6909217082084E-15,0.0015));
#4106=CARTESIAN_POINT('',(0.,0.,0.0015));
#4107=CARTESIAN_POINT('',(0.00113811783755079,0.00440304664525742,0.0015));
#4108=CARTESIAN_POINT('',(0.000887948779989192,0.00400269246434394,0.0015));
#4109=CARTESIAN_POINT('',(0.000887948779989192,0.00400269246434394,0.0015));
#4110=CARTESIAN_POINT('',(0.00113811783755079,0.00440304664525742,0.0015));
#4111=CARTESIAN_POINT('',(0.000751158031041622,0.0044852974912335,0.0015));
#4112=CARTESIAN_POINT('',(0.000751158031041622,0.0044852974912335,0.0015));
#4113=CARTESIAN_POINT('',(0.000816860121633637,0.00401780282513773,0.0015));
#4114=CARTESIAN_POINT('',(0.000816860121633637,0.00401780282513773,0.0015));
#4115=CARTESIAN_POINT('',(-1.80454609588488E-15,-8.99410754207075E-15,0.0015));
#4116=CARTESIAN_POINT('',(-1.80454609588488E-15,-8.99410754207075E-15,0.0015));
#4117=CARTESIAN_POINT('',(0.,0.,0.0015));
#4118=CARTESIAN_POINT('',(0.00202869210491758,0.00407020150802253,0.0015));
#4119=CARTESIAN_POINT('',(0.00170075152680619,0.00373060909826618,0.0015));
#4120=CARTESIAN_POINT('',(0.00170075152680619,0.00373060909826618,0.0015));
#4121=CARTESIAN_POINT('',(0.00202869210491758,0.00407020150802253,0.0015));
#4122=CARTESIAN_POINT('',(0.0016672892110583,0.0042311084433222,0.0015));
#4123=CARTESIAN_POINT('',(0.0016672892110583,0.0042311084433222,0.0015));
#4124=CARTESIAN_POINT('',(0.00163435794685783,0.00376016942457952,0.0015));
#4125=CARTESIAN_POINT('',(0.00163435794685783,0.00376016942457952,0.0015));
#4126=CARTESIAN_POINT('',(-4.34353074341143E-15,-9.81549910794577E-15,0.0015));
#4127=CARTESIAN_POINT('',(-4.34353074341143E-15,-9.81549910794577E-15,0.0015));
#4128=CARTESIAN_POINT('',(0.,0.,0.0015));
#4129=CARTESIAN_POINT('',(0.00283060279255471,0.0035594690338933,0.0015));
#4130=CARTESIAN_POINT('',(0.00243922327079047,0.00329548021314561,0.0015));
#4131=CARTESIAN_POINT('',(0.00243922327079047,0.00329548021314561,0.0015));
#4132=CARTESIAN_POINT('',(0.00283060279255471,0.0035594690338933,0.0015));
#4133=CARTESIAN_POINT('',(0.00251055185201045,0.00379199965332682,0.0015));
#4134=CARTESIAN_POINT('',(0.00251055185201045,0.00379199965332682,0.0015));
#4135=CARTESIAN_POINT('',(0.00238042648728478,0.00333819857687242,0.0015));
#4136=CARTESIAN_POINT('',(0.00238042648728478,0.00333819857687242,0.0015));
#4137=CARTESIAN_POINT('',(-6.08692783676812E-15,-8.376979665492E-15,0.0015));
#4138=CARTESIAN_POINT('',(-6.08692783676812E-15,-8.376979665492E-15,0.0015));
#4139=CARTESIAN_POINT('',(0.,0.,0.0015));
#4140=CARTESIAN_POINT('',(0.00403365080950684,0.00210042688980804,0.0015));
#4141=CARTESIAN_POINT('',(0.00356873389842433,0.00201844949459655,0.0015));
#4142=CARTESIAN_POINT('',(0.00356873389842433,0.00201844949459655,0.0015));
#4143=CARTESIAN_POINT('',(0.00403365080950684,0.00210042688980804,0.0015));
#4144=CARTESIAN_POINT('',(0.00383584845011912,0.00244303062612456,0.0015));
#4145=CARTESIAN_POINT('',(0.00383584845011912,0.00244303062612456,0.0015));
#4146=CARTESIAN_POINT('',(0.00353239548778865,0.00208138946808387,0.0015));
#4147=CARTESIAN_POINT('',(0.00353239548778865,0.00208138946808387,0.0015));
#4148=CARTESIAN_POINT('',(-6.85541033662585E-15,-3.97685356867683E-15,0.0015));
#4149=CARTESIAN_POINT('',(-6.85541033662585E-15,-3.97685356867683E-15,0.0015));
#4150=CARTESIAN_POINT('',(0.,0.,0.0015));
#4151=CARTESIAN_POINT('',(0.00350880255541801,0.00289317068275549,0.0015));
#4152=CARTESIAN_POINT('',(0.00307108925314934,0.00271632302924204,0.0015));
#4153=CARTESIAN_POINT('',(0.00307108925314934,0.00271632302924204,0.0015));
#4154=CARTESIAN_POINT('',(0.00350880255541801,0.00289317068275549,0.0015));
#4155=CARTESIAN_POINT('',(0.00324409133006537,0.0031871622824479,0.0015));
#4156=CARTESIAN_POINT('',(0.00324409133006537,0.0031871622824479,0.0015));
#4157=CARTESIAN_POINT('',(0.00302245896766379,0.002770332432902,0.0015));
#4158=CARTESIAN_POINT('',(0.00302245896766379,0.002770332432902,0.0015));
#4159=CARTESIAN_POINT('',(-6.13007908323304E-15,-5.50145866362595E-15,0.0015));
#4160=CARTESIAN_POINT('',(-6.13007908323304E-15,-5.50145866362595E-15,0.0015));
#4161=CARTESIAN_POINT('',(0.,0.,0.0015));
#4162=CARTESIAN_POINT('',(0.00438220916761616,0.00121588436280951,0.0015));
#4163=CARTESIAN_POINT('',(0.00391040774765298,0.00123236003144192,0.0015));
#4164=CARTESIAN_POINT('',(0.00391040774765298,0.00123236003144192,0.0015));
#4165=CARTESIAN_POINT('',(0.00438220916761616,0.00121588436280951,0.0015));
#4166=CARTESIAN_POINT('',(0.00425996058645963,0.001592126808478,0.0015));
#4167=CARTESIAN_POINT('',(0.00425996058645963,0.001592126808478,0.0015));
#4168=CARTESIAN_POINT('',(0.00388794937478297,0.00130147979589568,0.0015));
#4169=CARTESIAN_POINT('',(0.00388794937478297,0.00130147979589568,0.0015));
#4170=CARTESIAN_POINT('',(-4.10760835067858E-15,-1.31155936805571E-15,0.0015));
#4171=CARTESIAN_POINT('',(-4.10760835067858E-15,-1.31155936805571E-15,0.0015));
#4172=CARTESIAN_POINT('',(0.,0.,0.0015));
#4173=CARTESIAN_POINT('',(0.00453924395692804,0.000278201854695712,0.0015));
#4174=CARTESIAN_POINT('',(0.00408117801409097,0.00039241052139376,0.0015));
#4175=CARTESIAN_POINT('',(0.00408117801409097,0.00039241052139376,0.0015));
#4176=CARTESIAN_POINT('',(0.00453924395692804,0.000278201854695712,0.0015));
#4177=CARTESIAN_POINT('',(0.00449789200361301,0.000671639409428895,0.0015));
#4178=CARTESIAN_POINT('',(0.00449789200361301,0.000671639409428895,0.0015));
#4179=CARTESIAN_POINT('',(0.00407358121764829,0.000464689211433906,0.0015));
#4180=CARTESIAN_POINT('',(0.00407358121764829,0.000464689211433906,0.0015));
#4181=CARTESIAN_POINT('',(-2.20596110822591E-14,-2.33569674018552E-15,0.0015));
#4182=CARTESIAN_POINT('',(-2.20596110822591E-14,-2.33569674018552E-15,0.0015));
#4183=CARTESIAN_POINT('',(0.,0.,0.0015));
#4184=CARTESIAN_POINT('',(-0.00453924395692804,-0.000278201854695714,0.0015));
#4185=CARTESIAN_POINT('',(-0.00408117801409097,-0.000392410521393759,0.0015));
#4186=CARTESIAN_POINT('',(-0.00408117801409097,-0.000392410521393759,0.0015));
#4187=CARTESIAN_POINT('',(-0.00453924395692804,-0.000278201854695714,0.0015));
#4188=CARTESIAN_POINT('',(-0.00449789200361301,-0.000671639409428896,0.0015));
#4189=CARTESIAN_POINT('',(-0.00449789200361301,-0.000671639409428896,0.0015));
#4190=CARTESIAN_POINT('',(-0.00407358121764829,-0.000464689211433907,0.0015));
#4191=CARTESIAN_POINT('',(-0.00407358121764829,-0.000464689211433907,0.0015));
#4192=CARTESIAN_POINT('',(2.20552742735691E-14,2.33434148746991E-15,0.0015));
#4193=CARTESIAN_POINT('',(2.20552742735691E-14,2.33434148746991E-15,0.0015));
#4194=CARTESIAN_POINT('',(0.,0.,0.0015));
#4195=CARTESIAN_POINT('',(-0.00449789200361301,0.000671639409428897,0.0015));
#4196=CARTESIAN_POINT('',(-0.00407358121764829,0.00046468921143391,0.0015));
#4197=CARTESIAN_POINT('',(-0.00407358121764829,0.00046468921143391,0.0015));
#4198=CARTESIAN_POINT('',(-0.00449789200361301,0.000671639409428897,0.0015));
#4199=CARTESIAN_POINT('',(-0.00453924395692804,0.000278201854695716,0.0015));
#4200=CARTESIAN_POINT('',(-0.00453924395692804,0.000278201854695716,0.0015));
#4201=CARTESIAN_POINT('',(-0.00408117801409097,0.000392410521393762,0.0015));
#4202=CARTESIAN_POINT('',(-0.00408117801409097,0.000392410521393762,0.0015));
#4203=CARTESIAN_POINT('',(2.2060478443997E-14,-2.33201045279907E-15,0.0015));
#4204=CARTESIAN_POINT('',(2.2060478443997E-14,-2.33201045279907E-15,0.0015));
#4205=CARTESIAN_POINT('',(0.,0.,0.0015));
#4206=CARTESIAN_POINT('',(-0.00425996058645963,0.001592126808478,0.0015));
#4207=CARTESIAN_POINT('',(-0.00388794937478297,0.00130147979589569,0.0015));
#4208=CARTESIAN_POINT('',(-0.00388794937478297,0.00130147979589569,0.0015));
#4209=CARTESIAN_POINT('',(-0.00425996058645963,0.001592126808478,0.0015));
#4210=CARTESIAN_POINT('',(-0.00438220916761616,0.00121588436280951,0.0015));
#4211=CARTESIAN_POINT('',(-0.00438220916761616,0.00121588436280951,0.0015));
#4212=CARTESIAN_POINT('',(-0.00391040774765298,0.00123236003144193,0.0015));
#4213=CARTESIAN_POINT('',(-0.00391040774765298,0.00123236003144193,0.0015));
#4214=CARTESIAN_POINT('',(3.99810393125755E-15,-1.28586377656781E-15,0.0015));
#4215=CARTESIAN_POINT('',(3.99810393125755E-15,-1.28586377656781E-15,0.0015));
#4216=CARTESIAN_POINT('',(0.,0.,0.0015));
#4217=CARTESIAN_POINT('',(-0.00383584845011912,0.00244303062612457,0.0015));
#4218=CARTESIAN_POINT('',(-0.00353239548778864,0.00208138946808387,0.0015));
#4219=CARTESIAN_POINT('',(-0.00353239548778864,0.00208138946808387,0.0015));
#4220=CARTESIAN_POINT('',(-0.00383584845011912,0.00244303062612457,0.0015));
#4221=CARTESIAN_POINT('',(-0.00403365080950684,0.00210042688980804,0.0015));
#4222=CARTESIAN_POINT('',(-0.00403365080950684,0.00210042688980804,0.0015));
#4223=CARTESIAN_POINT('',(-0.00356873389842433,0.00201844949459655,0.0015));
#4224=CARTESIAN_POINT('',(-0.00356873389842433,0.00201844949459655,0.0015));
#4225=CARTESIAN_POINT('',(8.38001543157496E-15,-4.84248058318926E-15,0.0015));
#4226=CARTESIAN_POINT('',(8.38001543157496E-15,-4.84248058318926E-15,0.0015));
#4227=CARTESIAN_POINT('',(0.,0.,0.0015));
#4228=CARTESIAN_POINT('',(-0.00251055185201045,0.00379199965332682,0.0015));
#4229=CARTESIAN_POINT('',(-0.00238042648728478,0.00333819857687242,0.0015));
#4230=CARTESIAN_POINT('',(-0.00238042648728478,0.00333819857687242,0.0015));
#4231=CARTESIAN_POINT('',(-0.00251055185201045,0.00379199965332682,0.0015));
#4232=CARTESIAN_POINT('',(-0.00283060279255471,0.0035594690338933,0.0015));
#4233=CARTESIAN_POINT('',(-0.00283060279255471,0.0035594690338933,0.0015));
#4234=CARTESIAN_POINT('',(-0.00243922327079047,0.00329548021314561,0.0015));
#4235=CARTESIAN_POINT('',(-0.00243922327079047,0.00329548021314561,0.0015));
#4236=CARTESIAN_POINT('',(7.39078936939919E-15,-1.01611427605341E-14,0.0015));
#4237=CARTESIAN_POINT('',(7.39078936939919E-15,-1.01611427605341E-14,0.0015));
#4238=CARTESIAN_POINT('',(0.,0.,0.0015));
#4239=CARTESIAN_POINT('',(-0.00324409133006537,0.0031871622824479,0.0015));
#4240=CARTESIAN_POINT('',(-0.00302245896766379,0.002770332432902,0.0015));
#4241=CARTESIAN_POINT('',(-0.00302245896766379,0.002770332432902,0.0015));
#4242=CARTESIAN_POINT('',(-0.00324409133006537,0.0031871622824479,0.0015));
#4243=CARTESIAN_POINT('',(-0.00350880255541801,0.00289317068275549,0.0015));
#4244=CARTESIAN_POINT('',(-0.00350880255541801,0.00289317068275549,0.0015));
#4245=CARTESIAN_POINT('',(-0.00307108925314934,0.00271632302924204,0.0015));
#4246=CARTESIAN_POINT('',(-0.00307108925314934,0.00271632302924204,0.0015));
#4247=CARTESIAN_POINT('',(3.99853761212654E-15,-3.62231945827407E-15,0.0015));
#4248=CARTESIAN_POINT('',(3.99853761212654E-15,-3.62231945827407E-15,0.0015));
#4249=CARTESIAN_POINT('',(0.,0.,0.0015));
#4250=CARTESIAN_POINT('',(-0.0016672892110583,0.00423110844332221,0.0015));
#4251=CARTESIAN_POINT('',(-0.00163435794685782,0.00376016942457952,0.0015));
#4252=CARTESIAN_POINT('',(-0.00163435794685782,0.00376016942457952,0.0015));
#4253=CARTESIAN_POINT('',(-0.0016672892110583,0.00423110844332221,0.0015));
#4254=CARTESIAN_POINT('',(-0.00202869210491758,0.00407020150802253,0.0015));
#4255=CARTESIAN_POINT('',(-0.00202869210491758,0.00407020150802253,0.0015));
#4256=CARTESIAN_POINT('',(-0.00170075152680619,0.00373060909826618,0.0015));
#4257=CARTESIAN_POINT('',(-0.00170075152680619,0.00373060909826618,0.0015));
#4258=CARTESIAN_POINT('',(2.86706422492067E-15,-6.44688295803331E-15,0.0015));
#4259=CARTESIAN_POINT('',(2.86706422492067E-15,-6.44688295803331E-15,0.0015));
#4260=CARTESIAN_POINT('',(0.,0.,0.0015));
#4261=CARTESIAN_POINT('',(-0.000751158031041622,0.0044852974912335,0.0015));
#4262=CARTESIAN_POINT('',(-0.000816860121633638,0.00401780282513773,0.0015));
#4263=CARTESIAN_POINT('',(-0.000816860121633638,0.00401780282513773,0.0015));
#4264=CARTESIAN_POINT('',(-0.000751158031041622,0.0044852974912335,0.0015));
#4265=CARTESIAN_POINT('',(-0.00113811783755079,0.00440304664525742,0.0015));
#4266=CARTESIAN_POINT('',(-0.00113811783755079,0.00440304664525742,0.0015));
#4267=CARTESIAN_POINT('',(-0.000887948779989192,0.00400269246434394,0.0015));
#4268=CARTESIAN_POINT('',(-0.000887948779989192,0.00400269246434394,0.0015));
#4269=CARTESIAN_POINT('',(1.80308242295202E-15,-8.98890337164282E-15,0.0015));
#4270=CARTESIAN_POINT('',(1.80308242295202E-15,-8.98890337164282E-15,0.0015));
#4271=CARTESIAN_POINT('',(0.,0.,0.0015));
#4272=MECHANICAL_DESIGN_GEOMETRIC_PRESENTATION_REPRESENTATION('',(#2496),
#4273);
#4273=(
GEOMETRIC_REPRESENTATION_CONTEXT(3)
GLOBAL_UNCERTAINTY_ASSIGNED_CONTEXT((#4274))
GLOBAL_UNIT_ASSIGNED_CONTEXT((#4277,#4276,#4275))
REPRESENTATION_CONTEXT('Part 1','TOP_LEVEL_ASSEMBLY_PART')
);
#4274=UNCERTAINTY_MEASURE_WITH_UNIT(LENGTH_MEASURE(2.E-5),#4277,
'DISTANCE_ACCURACY_VALUE','Maximum Tolerance applied to model');
#4275=(
NAMED_UNIT(*)
SI_UNIT($,.STERADIAN.)
SOLID_ANGLE_UNIT()
);
#4276=(
NAMED_UNIT(*)
PLANE_ANGLE_UNIT()
SI_UNIT($,.RADIAN.)
);
#4277=(
LENGTH_UNIT()
NAMED_UNIT(*)
SI_UNIT($,.METRE.)
);
#4278=PRODUCT_DEFINITION_SHAPE('','',#4279);
#4279=PRODUCT_DEFINITION('','',#4281,#4280);
#4280=PRODUCT_DEFINITION_CONTEXT('',#4287,'design');
#4281=PRODUCT_DEFINITION_FORMATION_WITH_SPECIFIED_SOURCE('','',#4283,
 .NOT_KNOWN.);
#4282=PRODUCT_RELATED_PRODUCT_CATEGORY('','',(#4283));
#4283=PRODUCT('Part 1','Part 1','Part 1',(#4285));
#4284=PRODUCT_CATEGORY('','');
#4285=PRODUCT_CONTEXT('',#4287,'mechanical');
#4286=APPLICATION_PROTOCOL_DEFINITION('international standard',
'ap242_managed_model_based_3d_engineering',2020,#4287);
#4287=APPLICATION_CONTEXT('managed model based 3d engineering');
ENDSEC;
END-ISO-10303-21;
